title,subtitle,author,translator,original_title,isbn,publisher,publish_year,page_count,language,status,visibility,rating,reading_purpose,category_name,genre_category_name,tag_names,source_url,description
邓小平时代,,,,,,,,754,zh,COLLECTED,PRIVATE,5,,文学小说和传记,,,https://book.douban.com/subject/20424526/,收录原因：网友推荐
基础造型力,开启艺术设计之门,,,,,,,152,zh,COLLECTED,PRIVATE,4,,艺术设计与理论基础,,,https://book.douban.com/subject/36806744/,"从美术教育的意义谈起，逐步延伸到艺术学习、设计学习以及审美与生活方式之间的关系，讨论透视、色彩、明暗、图形设计、摄影与构成思维等基础问题。它的重点不是教授单项技巧，而是帮助学习者建立关于造型训练与艺术认知的整体框架。

书中从观察、造型、色彩、明暗、透视等基础视觉语言出发，解释艺术创作与设计创作的共通规律和差异，帮助读者建立对形态、空间、视觉表达的理解。 与此同时，它还介绍艺术史发展脉络、美术教育的意义，以及艺术家和设计师的思考方式。 全书强调培养观察力、分析力和创造力，而不是停留在临摹技巧层面。 对于美术、设计、插画、工业设计、视觉传达等专业的新手来说，它更像一本“造型思维导论”，帮助读者建立正确的学习框架，理解为什么要学造型，以及如何通过系统训练提升视觉表达能力。

收录原因：小红书解析推荐"
攀登不可能之山,,,,,,,,314,zh,COLLECTED,PRIVATE,4,,,,,https://book.douban.com/subject/36860326/,"道金斯借“不可能之山”这一比喻，解释复杂生物器官和特征为什么不需要预设设计者，也能通过缓慢积累的自然选择逐步形成。书中结合眼睛、翅膀、蜘蛛网、共生关系和计算机模拟等大量案例，把演化论中的关键难题讲得既具体又有说服力，适合希望深入理解自然选择逻辑的读者。

收录原因：忘了哪里收录应该也是ai推荐的"
第五项修炼,学习型组织的艺术与实践,,,,,,,455,zh,COLLECTED,PRIVATE,5,,,,,https://book.douban.com/subject/4051739/,"这本管理学经典围绕“学习型组织”展开，讨论组织如何突破惯性、修正思维模式并形成持续学习与自我更新的能力。它的重要性不只是提出某种管理理念，而在于把个人成长、团队协作和组织竞争优势统一到了同一个系统框架中，因此长期被视为现代组织学习的重要代表作。

收录原因：和ai聊ai浪潮如何学习时推荐的书，评论区说这是偏系统思考的方法论的书"
分类思维,不确定情境中合理决策的科学与艺术,,,,,,,272,zh,COLLECTED,PRIVATE,3,,,,,https://book.douban.com/subject/36326989/,"围绕“分类”这一看似基础却极具现实意义的认知活动展开，讨论人在信息不完备、时间有限的情形下如何通过简单而有效的分类规则做出判断。书中尤其强调快速节俭分类法在医疗、司法、军事和监管等领域的应用，因此适合对认知心理学和现实决策都感兴趣的读者。

收录原因：淘宝推荐的，介绍了很多分类思路和方法"
系统论,系统科学哲学,,,,,,,359,zh,COLLECTED,PRIVATE,4,,,,,https://book.douban.com/subject/4274499/,"从一般系统论、信息论、控制论到混沌、分形和协同理论，试图整合系统科学各主要分支，建立一个较完整的系统论框架。它的特点是规模宏大、理论野心很强，适合希望从哲学层面把握系统科学整体图景，而不仅是掌握某一门技术方法的读者。

收录原因：小红书刷到的，系统介绍系统论哲学"
政治学的思维方式,,,,,,,,360,zh,COLLECTED,PRIVATE,4,,,,,https://book.douban.com/subject/26220998/,"这是一部政治学入门经典，重点不在灌输立场，而在帮助读者理解政治学如何提问、如何界定概念，以及它如何解释权力、制度、国家与公共生活。海伍德的写法兼顾国际视角和清晰结构，因此非常适合作为建立政治学基本思维方式的起点。

收录原因：小红书推荐的政治学入门读物"
柏杨白话版资治通鉴,,,,,,,,999,zh,COLLECTED,PRIVATE,5,,,,,https://book.douban.com/subject/34446495/,"柏杨将《资治通鉴》译写为白话文，并辅以今地名、官名解释和地图等说明，使这部原本门槛较高的编年体通史变得更适合现代读者阅读。它的价值不只在“翻译成白话”，更在于把帝王治国的历史镜鉴转化为普通读者理解历史规律和现实局势的工具。

收录原因：推特推荐，白话版更易读，类似看故事，作者点评也到位"
二战信息图,数据化全景透视第二次世界大战,,,,,,,186,zh,COLLECTED,PRIVATE,5,,,,,https://book.douban.com/subject/35785679/,"以信息图的方式重组二战史，把战前、战时、战后的多个主题用大量图表、数据和视觉组织手段重新呈现出来。它并不只是“图解战争”，而是试图通过可视化方法帮助读者更快把握兵力、工业、武器、战役和整体格局之间的关系，因此兼具知识密度与阅读效率。

收录原因：小红书刷到的，图表形式介绍二战，比较易懂，可以快速的对二战有个全面的了解"
洛伦佐绘画创作教程（全3册）,一看就会的万物绘画说明书,,,,,,,708,zh,COLLECTED,PRIVATE,5,,,,,https://book.douban.com/subject/36330431/,"这是一套覆盖人物、动物、怪物、自然、机械与生活对象的绘画教程合集，重点不在单一技法，而在通过大量插图和对象类型帮助读者建立更广的观察与创作能力。它的特点是鼓励学习者从个人兴趣出发发展绘画路径，因此兼具入门友好性和长期参考价值。

收录原因：小红书刷到的通俗易懂的绘画理论书籍"
参谋助手论,为首长服务的艺术,,,,,,,282,zh,COLLECTED,PRIVATE,4,,,,,https://book.douban.com/subject/3896758/,"围绕参谋与助手如何在组织中协助领导者展开，内容涉及领会意图、辅助决策、整理讲话、处理接待、维护尊严、应对情绪和保密等多个具体场景。它的重点不是抽象管理学，而是一种高度情境化的“配合与服务艺术”，适合从组织运行角度理解辅助角色的实践逻辑。

收录原因：老书，务实教授工作方法"
伯恩斯新情绪疗法,临床验证完全有效的非药物治愈抑郁症疗法,,,,,,,520,zh,COLLECTED,PRIVATE,5,,,,,https://book.douban.com/subject/5980113/,"这是一部以认知疗法为核心的情绪自助经典，重点讨论抑郁、焦虑、自卑和拖延等情绪困扰如何与扭曲思维模式相互强化。书中提供的不只是安慰，而是一套可以具体操作的识别、纠正和练习方法，因此长期被视为理解日常负面情绪和开展自助调整的重要读物。

收录原因：ai推荐的"
存在主义心理治疗,,,,,,,,573,zh,COLLECTED,PRIVATE,5,,,,,https://book.douban.com/subject/26304954/,"亚隆从死亡、自由、孤独与无意义这四个“终极关怀”入手，系统讨论存在主义心理治疗如何理解人的焦虑、选择与生命处境。它的价值不只属于治疗师，也属于所有认真思考过存在问题的人，因为它把临床经验与哲学反思放在了同一个对话空间里。

收录原因：AI根据心理推荐的书籍"
故乡天下黄花,,,,,,,,260,zh,COLLECTED,PRIVATE,4,,,,,https://book.douban.com/subject/1005939/,"以民国初年一个北方村庄里的命案为起点，展开两家几代人之间的纠葛，也借一个小村落折射出中国半个世纪的权力、仇怨与社会秩序变化。它的重点不只是讲故事，而在于通过幽默洗练的语言把乡土社会深处的人情、暴力和历史命运写得极具张力。

收录原因：推特推荐，令其沉迷的刘震云作品"
逃不开的经济周期,历史，理论与投资现实,,,,,,,428,zh,COLLECTED,PRIVATE,4,,,,,https://book.douban.com/subject/20272113/,"从三百年来各派经济学家、投资者和理论家的探索出发，讨论经济增长、衰退、危机与复苏为何会反复出现。它的重点不只是回顾周期理论史，而在于帮助读者把对经济循环的理解转化为对现实形势、投资判断和风险规避的认识，因此兼具历史性与实用性。

收录原因：推特推荐"
绘画构图教程,,,,,,,,135,zh,COLLECTED,PRIVATE,,,,,,https://book.douban.com/subject/3811745/,收录原因：小红书卖10块钱，内容简洁干练
构建之法,现代软件工程,,,,,,,464,zh,COLLECTED,PRIVATE,5,,,,,https://book.douban.com/subject/27069503/,"这是一部强调“做中学”的软件工程教材，试图把原本容易显得空泛的软件工程课程，重新落实到团队协作、角色分工、项目实践与行业方法上。它不仅覆盖课程体系中的核心知识点，也吸收了较新的业界经验，因此适合计算机专业学生和软件团队初学者作为实践导向的入门书。

收录原因：找ai思维框架时推荐的书"
反脆弱,从不确定性中获益,,,,,,,408,zh,COLLECTED,PRIVATE,4,,,,,https://book.douban.com/subject/25782902/,塔勒布提出“反脆弱”这一概念，讨论为什么有些事物在波动、压力、错误和混乱中不仅不会受损，反而会从中成长。书中重点并不只是反风险，而是试图改写人对不确定性的基本态度，因此适合用来反思个人决策、组织设计和复杂世界中的生存策略。
系统之美,决策者的系统思考,,,,,,,290,zh,COLLECTED,PRIVATE,4,,,,,https://book.douban.com/subject/11528220/,"这是一部简明但极具穿透力的系统思考入门书，围绕复杂动态系统的基本概念、常见结构、系统陷阱和干预方式展开。它的特别之处在于不断用现实案例说明系统思考如何帮助人发现问题背后的根本机制，因此适合想把“看见结构”变成日常能力的读者。

收录原因：搭建ai思考框架时看到的推荐"
诡辩与反驳,提升逻辑思维与辩论能力,,,,,,,165,zh,COLLECTED,PRIVATE,,,,,,https://book.douban.com/subject/37516220/,收录原因：吵架神器，老书
基层中国的运行逻辑,,,,,,,,370,zh,COLLECTED,PRIVATE,4,,,,,https://book.douban.com/subject/37663710/,"从制度背景、权力运行和基层治理三个层面切入，讨论中国基层政治经济体系在真实世界中是如何运转的。它的重点不是简单谈“考公”或地方干部生态，而是试图建立一种读懂基层中国的分析框架，因此对理解当代中国社会运行非常有帮助。

收录原因：据说类似置身事内"
解惑：心智模式决定你的一生,,,,,,,,268,zh,COLLECTED,PRIVATE,4,,,,,https://book.douban.com/subject/35372999/,围绕心智模式如何影响个人判断、人生方向与对世界的理解展开，重点不在提供成功技巧，而在于帮助读者重新绘制自己的认知地图。书中带有明显的哲学启蒙色彩，试图把抽象思想重新变成解决现实困惑的工具，因此适合处在人生转向或认知重估阶段的读者。
论心灵之安宁,,,,,,,,176,zh,COLLECTED,PRIVATE,4,,,,,https://book.douban.com/subject/36826670/,"塞涅卡通过书信体讨论心灵安宁这一斯多亚哲学核心主题，重点放在人如何审视自我、选择行动并在不确定命运中维持内在稳定。它并不是抽象的哲学概论，而更像一部兼具道德反思与生活实践意味的作品，适合希望从古典思想中寻找内在秩序的读者。

收录原因：推特推荐"
数学指南,实用数学手册,,,,,,,1332,zh,COLLECTED,PRIVATE,5,,,,,https://book.douban.com/subject/7061949/,"这是一部偏工具型的实用数学手册，内容覆盖分析学、代数学、几何学、优化、概率统计、科学计算和数学史，并收录大量公式、表格与参考文献。它的价值不在连续阅读的叙事性，而在于为学习和查阅提供足够广、足够稳的数学资料基础。

收录原因：推特高分推荐，内容全面"
物理世界,,,,,,,,1004,zh,COLLECTED,PRIVATE,5,,,,,https://book.douban.com/subject/36216262/,"以简洁但较完整的方式介绍物理学的主要内容，从力学、光学、电学到相对论、量子力学、原子结构和粒子物理逐步展开。作者并不满足于讲定律本身，还不断穿插物理学史上的关键人物和转折，因此适合希望用一册书把经典物理与近代物理连成整体的读者。

收录原因：推特刷到的，内容全门槛低"
逻辑表达,高效沟通的金字塔思维,,,,,,,191,zh,COLLECTED,PRIVATE,3,,,,,https://book.douban.com/subject/34933227/,围绕如何在信息过载环境中更快提炼重点、组织观点和传达结论展开，核心方法借助金字塔原理来建立结构化表达。它的重点不只在“说清楚”，而在帮助读者把复杂信息化为可沟通的共识，因此尤其适合职场沟通、汇报与跨部门协作场景使用。
逻辑思考,看清解决复杂问题的逻辑主线,,,,,,,,zh,COLLECTED,PRIVATE,4,,,,,https://book.douban.com/subject/37426303/,"以七个步骤为主线，讨论在复杂工作和生活情境中如何识别问题、提炼重点并形成有条理的分析路径。它的特点是把逻辑思考放进较真实的职场故事与案例中，而不是单纯列出原则，因此更适合希望把结构化思考真正落到实际问题处理上的读者。

收录原因：从实际出发，介绍各种工作方法"
通识,学问的门类,,,,,,,312,zh,COLLECTED,PRIVATE,4,,,,,https://book.douban.com/subject/30414788/,"这是一部面向大众的全学科导读书，试图把大学中的主要知识门类放在同一张地图上呈现出来。它的重点不在深入某一学科，而在帮助读者快速理解不同学科研究什么、彼此如何关联，以及在信息高度分化的时代中，通识视野为什么仍然重要。

收录原因：详细介绍了学科门类"
诺兰变奏曲,,,,,,,,380,zh,COLLECTED,PRIVATE,5,,,,,https://book.douban.com/subject/36478323/,收录原因：狮子艺术推荐
说话写文章的逻辑,,,,,,,,243,zh,COLLECTED,PRIVATE,,,,,,https://book.douban.com/subject/37444117/,
认识电影,,,,,,,,484,zh,COLLECTED,PRIVATE,5,,,,,https://book.douban.com/subject/2326403/,作为电影入门书中的经典之作，它系统讲解电影的影像语言、叙事方式、表演、摄影、剪辑、声音与风格分析。书中不只介绍术语，还通过大量影片实例把电影拆解成可以被观察和讨论的组成要素，因此适合影迷、初学者和影视专业学生建立基础的观影与分析框架。
编码,隐匿在计算机软硬件背后的语言,,,,,,,392,zh,COLLECTED,PRIVATE,5,,,,,https://book.douban.com/subject/4822685/,"以极少数学前提和大量直观例子解释计算机内部是如何工作的，把编码、电路、逻辑、开关和信息表示这些看似分散的知识逐步串联起来。它的长处在于不依赖专业术语堆砌，而是让读者真正形成对计算机底层原理的结构化理解，因此非常适合计算机入门阶段阅读。

收录原因：计算机基础，高分好评"
怎样解题,数学思维的新方法,,,,,,,,zh,COLLECTED,PRIVATE,5,,,,,https://book.douban.com/subject/30373956/,"波利亚围绕“探索法”讨论人是如何解题、如何思考以及如何在复杂问题中抓住真正关键的线索。虽然全书从数学问题讲起，但它更深层的价值在于训练一种可迁移的思维习惯：先理解问题，再寻找路径，最后检验与反思，因此长期被视为学习数学与一般问题解决的经典方法书。

收录原因：推特看到的推荐"
学术写作原来是这样,语言、逻辑和结构的全面提升,,,,,,,244,zh,COLLECTED,PRIVATE,4,,,,,https://book.douban.com/subject/35299013/,以国内学术写作者常见的实际障碍为出发点，系统讨论英文学术论文中的逻辑组织、语言表达、写作流程与修改资源。它的优势在于不止讲抽象原则，而是直接针对中国学者易犯的问题给出解决思路，适合心理学、语言学和社会科学等方向需要进行英文论文写作的读者。
哲学、政治学与经济学导论,,,,,,,,309,zh,COLLECTED,PRIVATE,5,,,,,https://book.douban.com/subject/37507954/,这是一部横跨哲学、政治学和经济学三门学科的导论，围绕理性、效率、博弈、社会规范和集体选择等问题展开。它的重点不在分别介绍三个学科，而在说明三者如何共同构成理解社会互动与公共决策的框架，因此适合作为政经哲方向的入门参考书。
哲学·科学·常识,,,,,,,,370,zh,COLLECTED,PRIVATE,5,,,,,https://book.douban.com/subject/27139938/,"陈嘉映借对神话、巫术、哲学与科学的回顾，讨论人类为什么追求知识，以及科学为何能够成为现代社会最强势的真理形式。书中真正关心的不是知识史梳理本身，而是当科学不断推进时，人如何重新理解常识、心灵与求道的意义，因此适合对科学边界与哲学反思感兴趣的读者。

收录原因：人类求知过程的发展"
中国国家治理的制度逻辑,一个组织学研究,,,,,,,467,zh,COLLECTED,PRIVATE,5,,,,,https://book.douban.com/subject/26901114/,"围绕中国国家治理的制度逻辑展开，重点讨论中央与地方之间的关系，以及国家与社会之间的互动方式。它的价值不在于给出宏观口号，而在于从体制设施、行为模式和相互影响的机制出发，为理解中国国家治理提供较清晰的研究路径与分析视角。

收录原因：了解一下社会发展逻辑"
电影的秘密,形式与意义（插图第6版）,,,,,,,552,zh,COLLECTED,PRIVATE,5,,,,,https://book.douban.com/subject/30301599/,
建筑：形式、空间和秩序,,,,,,,,416,zh,COLLECTED,PRIVATE,5,,,,,https://book.douban.com/subject/3340939/,"作为建筑设计基础语汇的经典入门书，它通过大量图解讨论形式、空间与秩序之间的基本关系，帮助读者建立对建筑构成的直观理解。书中不仅涵盖建筑史和案例，更重要的是训练一种从结构、光线、流线与环境关系中阅读建筑的方式，因此长期被视为建筑学习的基础参考书。

收录原因：关卡设计可读，评分高"
动画大师课：分镜头脚本设计,,,,,,,,120,zh,COLLECTED,PRIVATE,,,,,未找到,https://book.douban.com/subject/35510490/,"聚焦动画和电影中的分镜头脚本设计，讨论如何通过镜头安排、画面组合和镜头连续性让观众“感受故事”而不是只是“读懂情节”。它的重点不只是绘图技巧，而是帮助创作者理解故事节奏、视觉连贯性与叙事模板如何在分镜阶段被搭建起来。

收录原因：AI推荐"
你为什么这样做,,,,,,,,288,zh,COLLECTED,PRIVATE,,,,,未找到,https://book.douban.com/subject/37868823/,"从行为科学和神经机制的角度解释人类为何会以某些看似固定、却常常不自知的方式行动。书中把心理物理学、条件反射、运动控制、认知与社交行为等领域的研究成果综合起来，既讨论行为规律本身，也讨论这些规律在自我理解、医学、广告和商业中的现实用途。

收录原因：介绍日常行为背后的心理原因"
警察逻辑能力教程,,,,,,,,409,zh,COLLECTED,PRIVATE,3,,,,寻找中,https://book.douban.com/subject/3192763/,"针对警察职业中的实际需求来训练逻辑能力，内容不仅涉及概念、判断、推理和论证，也延伸到执行任务、处理事件、组织指挥以及文字与口头表达中的逻辑要求。它的核心价值在于把逻辑思维和职业场景直接连接起来，适合警务训练与应用型逻辑学习。

收录原因：警察思维逻辑训练的书籍，可以看看，提升临时处理能力"
图解照明设计,,,,,,,,128,zh,COLLECTED,PRIVATE,3,,,,收藏;寻找中,https://book.douban.com/subject/30354706/,"从照明器具性能、空间用途、心理感受和光线物理特性等多个角度讨论室内照明设计，重点放在住家等日常空间中如何通过合适的灯光组织改善使用体验。它的特点是用图解方式把抽象的照明原理具体化，适合空间设计入门者和需要提升实际照明判断的人参考。

收录原因：介绍室内的照明设计方法，可以提高室内灯光水平"
思考，快与慢,,,,,,,,424,zh,COLLECTED,PRIVATE,,,,,,https://book.douban.com/subject/10785583/,卡尼曼以“系统1”和“系统2”为主线，讨论直觉判断与理性分析如何共同支配人的决策。书中重点解释损失厌恶、锚定效应、过度自信和乐观偏差等常见心理机制，并说明它们如何影响投资、判断与日常选择，因此特别适合用来建立对认知偏差和决策误差的系统认识。
不确定状况下的判断,,,,,,,,638,zh,COLLECTED,PRIVATE,4,,,,,https://book.douban.com/subject/3248694/,"这是一部汇集判断与决策研究经典论文的重要文集，系统呈现卡尼曼及相关学者在主观概率、启发式、因果归因、临床与统计预测等方面的核心成果。它的价值不在于提供一本单线叙述的入门书，而在于展示“人在不确定条件下如何判断”这一研究领域的理论版图。

收录原因：推特推荐"
怎样提高记忆力,,,,,,,,,zh,COLLECTED,PRIVATE,,,,,,https://book.douban.com/subject/3132409/,收录原因：介绍记忆方法
打造第二大腦,,,,,,,,277,zh,COLLECTED,PRIVATE,5,,,,已下载,https://book.douban.com/subject/36302345/,"围绕“第二大脑”这一数字知识管理方法，讨论如何把信息收集、整理、提炼与输出组织成一套稳定流程。它并不只是教人记笔记，而是试图解决信息过载时代的长期记忆、项目管理和高效输出问题，因此特别适合需要同时处理大量资料与创作任务的知识工作者。

收录原因：介绍PARA和CODE方法的书"
思维力：高效的系统思维,,,,,,,,244,zh,COLLECTED,PRIVATE,,,,,已下载,https://book.douban.com/subject/35581909/,试图把系统思维提炼成一套可训练、可表达的完整方法，既处理发现问题、分析问题和解决问题的阶段性工具，也强调如何把思考结果清晰地呈现出来。它的特点是把咨询、管理和创业实践中的经验系统化，适合希望提高分析力与表达力的职场和管理类读者。
摄影构图法则：让画面从无序到有序,,,,,,,,176,zh,COLLECTED,PRIVATE,,,,,,https://book.douban.com/subject/37092397/,从摄影构图的基本法则讲起，进一步讨论画面元素的位置关系如何影响观者的情绪、注意力和心理暗示。它的重点不只是列举常见构图套路，而是帮助读者把“让画面变得有序”理解为一种结构判断能力，因此适合作为摄影构图入门与进阶之间的过渡读物。
国家为什么会失败：权力、富裕与贫困的根源,,,,,,,,560,zh,COLLECTED,PRIVATE,,,,,已下载,https://book.douban.com/subject/37321384/,"围绕“国家为何富裕或贫困”这一经典问题展开，核心论点是经济结果的差异根本上来自政治与经济制度的不同组织方式。作者以大量历史与现实案例论证“广纳型制度”与“榨取型制度”对国家发展路径的影响，因此适合把它当作理解制度与繁荣关系的代表性作品来读。

收录原因：LinuxDo推荐"
游戏设计艺术,,,,,,,,644,zh,COLLECTED,PRIVATE,5,,,,已下载,https://book.douban.com/subject/35460994/,"从桌游、卡牌、体育游戏到电子游戏，作者试图总结那些能跨媒介成立的基础设计原则，并提出大量“透镜”帮助设计者从心理、空间、音乐、叙事、数学等不同角度重新审视作品。它的价值不在术语堆积，而在于为游戏设计提供一套可持续迭代的观察工具。

收录原因：知乎推荐"
小说面面观,,,,,,,,232,zh,COLLECTED,PRIVATE,4,,,,已下载,https://book.douban.com/subject/34933187/,"福斯特通过九篇讲稿讨论小说艺术的几个关键层面，包括故事、人物、情节、幻想、预言、模式与节奏等。它之所以经典，不在提供写作秘诀，而在于用高度概括又富于判断力的方式说明优秀小说为何成立，因此特别适合写作者、文学批评者和需要建立小说分析框架的读者。

收录原因：关于情节和故事的讨论"
运动改造大脑,,,,,,,,258,zh,COLLECTED,PRIVATE,3,,,,未找到,https://book.douban.com/subject/36418973/,"围绕运动与大脑之间的关系展开，讨论运动如何影响情绪、专注力、压力反应、成瘾行为、抑郁、衰老与学习能力。它最突出的地方，是把神经科学研究与真实案例结合起来，说明运动不仅塑造身体，也会重塑认知与心理状态，适合希望从科学角度理解运动价值的读者。

收录原因：冯斌推荐"
影视剧作艺术教程,,,,,,,,285,zh,COLLECTED,PRIVATE,4,,,,已下载,https://book.douban.com/subject/6983402/,"系统讲解影视剧本写作中的情节组织、人物设置、剧本结构和剧作方法，整体偏向教材型写法。它的价值在于把剧作的基本问题讲得较完整，并辅以较多例证帮助读者理解，因此适合影视编剧初学者和需要建立剧本写作基础框架的学习者使用。

收录原因：网课视频教程"
系统化思维导论,,,,,,,,260,zh,COLLECTED,PRIVATE,4,,,,已下载,https://book.douban.com/subject/26298694/,作为一般系统思维的经典导论，它试图帮助读者理解“系统”究竟是什么，以及如何用结构化方式观察项目、组织、产品和问题。书中既有概念讲解，也有图表、符号和练习来训练分析能力，因此更像一部帮助人建立系统性认知习惯的方法书，而不仅是理论概览。
大道,,,,,,,,,zh,COLLECTED,PRIVATE,5,,,,,https://book.douban.com/subject/37322503/,从段永平长期公开言论中整理出关于投资、商业模式、企业文化、教育与公益的思考，核心线索落在“本分”“平常心”等他反复强调的原则上。它的重点不在展示传奇经历，而在呈现一种将长期主义、商业判断与个人价值观结合起来的实践逻辑，适合关注投资与经营的人阅读。
民法典与百姓生活100问,,,,,,,,302,zh,COLLECTED,PRIVATE,4,,,,已下载,https://book.douban.com/subject/35306867/,"依照民法典的篇章结构，把物权、合同、人格权、婚姻家庭、继承和侵权责任等内容拆解成一百个与日常生活紧密相关的问题。它的特点是通过案例和图文化解释把法条变成可理解的生活规则，因此更适合普通读者作为民法典的实用入门读物，而非专业法学教材。

收录原因：法律基础科普，开车推荐的"
数学也可以这样学,,,,,,,,185,zh,COLLECTED,PRIVATE,,,,,,https://book.douban.com/subject/34799560/,从生活经验和直观观察出发，尝试把数学从枯燥证明重新带回自然、空间与时间中的真实存在。书中通过画图、模型和具体例子让读者看到数学并不是脱离世界的符号系统，而是一种理解秩序与结构的方式，适合希望降低数学畏难感、重新建立兴趣的学习者。
世界观：现代人必须要懂的科学哲学和科学史,,,,,,,,512,zh,COLLECTED,PRIVATE,5,,,,已下载,https://book.douban.com/subject/35181762/,"从科学史与科学哲学交叉的角度讨论现代世界观如何形成，重点涉及真理、事实、科学理论变迁以及相对论、量子力学和演化论对传统世界观的挑战。它并不把科学看作单纯知识集合，而是把科学放进思想史中理解，因此适合希望建立更完整现代科学观念的人阅读。

收录原因：推特刷到的"
概率论沉思录,,,,,,,,738,zh,COLLECTED,PRIVATE,5,,,,寻找中,https://book.douban.com/subject/36874373/,"这部杰作围绕概率推断、贝叶斯理论与统计推理的哲学基础展开，既讨论数学问题，也讨论人在不确定世界中应如何形成判断。它的分量不在技巧速成，而在于把概率视为一种思维方式来重建对证据、风险与决策的理解，因此特别适合希望深入理解概率统计本质的读者。

收录原因：提供大量生活实例和常识的解读，讲述概率统计的历史脉络和广泛应用"
统治宇宙的24个公式,,,,,,,,228,zh,COLLECTED,PRIVATE,5,,,,未找到,https://book.douban.com/subject/36850225/,"以24个代表性公式为线索，串联从宇宙尺度到日常生活、再到量子世界的科学规律，同时穿插公式诞生的历史背景与科学家的思想故事。它不是纯数学读物，而是通过公式带领读者理解科学如何用最简洁的语言解释复杂世界，因此适合作为科学通识和数学兴趣阅读的桥梁。

收录原因：通过24个代表性公式，揭示了从广阔宇宙到日常生活再到量子世界的内在运行规律。"
白话统计,,,,,,,,296,zh,COLLECTED,PRIVATE,5,,,,已下载,https://book.douban.com/subject/30140553/,"试图把统计学习中最难掌握的“分析思路”讲清楚，而不只停留在概念定义和计算步骤。书中强调不同统计方法之间的联系、适用情境与背后逻辑，并配合多种软件操作路径，因此更适合已经接触统计基础、但仍然不知道在真实数据面前该如何动手分析的读者。

收录原因：短视频推荐"
视觉游戏,,,,,,,,144,zh,COLLECTED,PRIVATE,5,,,,,https://book.douban.com/subject/30414436/,"通过形状、线条、空间、色彩等视觉要素解释图像叙事为何成立，并把设计原理放进日常故事和绘本案例中加以说明。它的价值不只在提高“看图”的能力，更在于帮助读者理解视觉信息如何吸引注意、组织意义和传递情绪，因此特别适合艺术设计初学者和视觉表达爱好者阅读。

收录原因：介绍构图和视觉原理"
小说是什么,,,,,,,,208,zh,COLLECTED,PRIVATE,5,,,,未找到,https://book.douban.com/subject/37212187,"三岛由纪夫借多篇关于创作的文章讨论小说家为什么写作、应如何理解文体、技巧、写作伦理与自我改造等问题。它并不是一本标准化写作教材，而更像一位成熟作家对创作经验和文学观念的集中剖析，适合希望从文学内部理解“小说是什么”的写作者和文学读者。

收录原因：小说创作指导"
故事—材质、结构、风格和银幕剧作的原理,,,,,,,,508,zh,COLLECTED,PRIVATE,5,,,,已下载,https://book.douban.com/subject/25976544/,"这是罗伯特·麦基关于故事创作原理的代表作，重点讨论银幕叙事中结构、冲突、转折、人物欲望与风格之间的关系。它并不提供公式化套路，而是通过大量经典电影分析解释为什么某些故事真正成立，因此不仅适合编剧，也适合小说、广告和内容创作者理解叙事结构的底层逻辑。

收录原因：内容介绍很完整"
研究是一门艺术,,,,,,,,284,zh,COLLECTED,PRIVATE,5,,,,已下载,https://book.douban.com/subject/4035330/,"围绕研究写作的完整过程展开，强调思考、写作、修订与重新思考之间并不是线性关系，而是持续循环的工作方式。书中重点讨论如何提出问题、组织证据、建立论证、回应读者可能的质疑，以及如何把研究真正写成一篇能说服人的文本，适合学术写作和研究训练阶段的读者。

收录原因：系统介绍了研究的方法，撰写研究报告的指南"
大师谈游戏设计,,,,,,,,244,zh,COLLECTED,PRIVATE,4,,,,已下载,https://book.douban.com/subject/27055726/,"结合吉泽秀雄自身的游戏制作经验，围绕“节奏”这一核心线索讨论创意生成、玩法组织、体验推进和整体设计感。它并不满足于总结抽象原则，而是反复回到具体游戏案例中说明“有趣的游戏为什么成立”，适合游戏设计初学者建立对节奏与体验组织的基本判断。

收录原因：关于游戏节奏方面的设计"
Essential Grammar In Use,,,,,,,,300,zh,COLLECTED,PRIVATE,5,,,,,https://book.douban.com/subject/1228955/,"作为《English Grammar in Use》体系中的初级册，它以清晰编排和大量练习帮助非英语母语学习者掌握基础语法。书中既处理重点难点，也通过反复操练巩固语法结构，因此长期被视为自学和课堂教学都非常稳固的英语语法入门工具书。

收录原因：英语语法入门，知乎和豆瓣推荐"
谈绘画构图,,,,,,,,91,zh,COLLECTED,PRIVATE,,,,,已下载,https://book.douban.com/subject/37157121/,以绘画中的空间安排为中心，讨论形、线、黑白块与色彩如何在画面中形成骨架与结构。作者强调构图不是附属问题，而是决定一幅画能否成立的根本环节，因此适合把它当作理解绘画组织逻辑的基础读物，尤其适合在实践中反复对照自身画面的问题。
毛泽东军事文选 : 內部本,,,,,,,,692,zh,COLLECTED,PRIVATE,,,,,已下载,,
游戏场景设计专业技法解析,,,,,,,,232,zh,COLLECTED,PRIVATE,,,,,已下载,https://book.douban.com/subject/35438993/,以较完整的教程结构讲解游戏场景设计，内容覆盖构图、透视、黑白灰、光影、色彩、材质，以及室内外建筑、自然元素、地形规划和气氛图等具体方向。它的特点是知识链条比较完整，既讲基础原理，也配合实战案例和工具流程，适合希望系统进入场景设计工作的学习者。
游戏设计的236个技巧,,,,,,,,628,zh,COLLECTED,PRIVATE,4,,,,已下载,https://book.douban.com/subject/26653173/,从玩家与设计者双重视角总结3D游戏设计中的关键经验，内容围绕玩家角色、敌人角色、关卡设计、碰撞检测和镜头运用等具体问题展开。它的写法偏向技巧型归纳，但核心并不是堆砌清单，而是帮助读者理解什么因素会让一款游戏在实际体验上更有趣、更顺畅。
美国摄影用光教程,,,,,,,,199,zh,COLLECTED,PRIVATE,5,,,,已下载,https://book.douban.com/subject/26770375/,围绕摄影中的用光原则展开，结合大量案例、布光图和步骤说明，系统处理不同材质、被摄体和复杂场景下的光线组织问题。新版本又补充了工作室搭建、人像表现以及闪光灯、LED等现代设备信息，因此既适合专业摄影师，也适合作为摄影教学中的用光基础教材。
三体全集,,,,,,,,1283,zh,READ,PRIVATE,5,,,,,https://book.douban.com/subject/33420947/,
人類大歷史,,,,,,,,488,zh,COLLECTED,PRIVATE,5,,,,,https://book.douban.com/subject/25952974/,以极大的时间尺度回看智人如何从众多人种中脱颖而出，并通过认知革命、农业革命和科学革命逐步改写世界。它的写法并不局限于传统编年史，而是把生物学、历史学、经济学和文化问题放在一起讨论，因此特别适合用来建立对人类文明整体演化的跨学科理解。
体验引擎,,,,,,,,428,zh,COLLECTED,PRIVATE,5,,,,已下载,https://book.douban.com/subject/26323699/,"围绕“游戏体验”这一核心概念展开，讨论设计、规划、界面、平衡性和市场等要素最终如何共同作用于玩家感受。它并不只是一本技术手册，而是试图说明为什么某些游戏真正能打动人，以及游戏设计应如何从规则层面延伸到情绪、节奏和体验层面的组织。

收录原因：评分高"
刻意练习,,,,,,,,340,zh,COLLECTED,PRIVATE,4,,,,已下载,https://book.douban.com/subject/26895993/,"基于艾利克森对国际象棋、音乐、体育、医学等领域专家的长期研究，提出“刻意练习”这一提升技能的通用方法。书中最核心的观点是，杰出表现并不主要来自天赋，而来自有目标、有反馈、不断修正的训练方式，因此特别适合把它当作学习方法和能力提升的基础框架来读。

收录原因：经典推荐"
导演的摄影课,,,,,,,,296,zh,COLLECTED,PRIVATE,4,,,,已下载,https://book.douban.com/subject/25807354/,"面向导演与摄影师之间的协作关系，讨论导演需要理解哪些摄影知识，才能把剧本有效转化为影像风格。书中沿着电影制作流程，具体处理摄影师选择、视觉风格设定、色彩基调、拍摄格式和镜头表达等问题，适合希望提升影像沟通能力的导演及影视创作者阅读。

收录原因：猫叔办公室的"
上任90天,,,,,,,,256,zh,COLLECTED,PRIVATE,5,,,,,https://book.douban.com/subject/37173029/,"围绕新经理在上任初期最容易遇到的角色转换问题展开，内容覆盖自我认知、时间管理、建立信任、学会提问、向上沟通、冲突处理和反馈机制等关键议题。它采用对话和情境推进的方式，把管理转型中的真实困境写得比较具体，适合刚进入管理岗位的读者参考。

收录原因：网上看到过书中部分摘录"
津巴多普通心理学,,,,,,,,578,zh,COLLECTED,PRIVATE,5,,,,已下载,https://book.douban.com/subject/3143537/,"这是一部面向普通心理学入门的经典教材，围绕心理学中的核心概念与关键问题展开，同时通过“生活中的心理学”“亲自实践”等板块把抽象知识不断拉回现实经验。它的特点是兼顾知识完整性与可读性，适合希望系统建立心理学基础、又不想一开始就陷入术语堆砌的读者。

收录原因：佬友推荐的使人平静的书，评分很高，9.3分"
造型基础,,,,,,,,148,zh,COLLECTED,PRIVATE,,,,,,https://book.douban.com/subject/35522928/,"作为包豪斯基础课程的重要文献之一，它围绕现代艺术教育中的造型训练展开，讨论形式、材料、抽象研究和三维作品等问题。书中结合大量学生作品与案例说明，重点不在单独传授技巧，而在解释基础课程为什么这样设计，以及造型训练如何塑造现代艺术与设计思维。

收录原因：关联合集https://book.douban.com/subject/35505843/"
色彩艺术,,,,,,,,164,zh,COLLECTED,PRIVATE,,,,,已下载,https://book.douban.com/subject/36413418/,"凝练了约翰内斯·伊顿关于色彩的长期研究成果，既讨论色彩的客观原理，也关注色彩如何与心理、感受和人格经验发生联系。它的重要性不只在于色彩理论本身，更在于把观看、感知与设计教育连接起来，因此始终被视为现代设计与艺术教育中的关键基础书。

收录原因：关联合集https://book.douban.com/subject/35505843/"
运动中的视觉,,,,,,,,,zh,COLLECTED,PRIVATE,5,,,,已下载,https://book.douban.com/subject/26574229/,这是一部汇集现代设计运动重要人物与作品的视觉文献，重点回看包豪斯与新包豪斯前后现代设计在建筑、摄影、平面与工业设计中的演变。它的价值不只是作品陈列，而在于帮助读者通过大量图像把握现代设计语言的形成过程与关键人物之间的关联。
基础设计力,,,,,,,,120,zh,COLLECTED,PRIVATE,,,,,,https://book.douban.com/subject/36806748/,"以武藏野美术大学一年级课程为基础，系统讲解平面构成、色彩构成和版式设计三大核心模块。书中通过图形练习、混色实验、色相环制作、字体设计和网格系统等具体课题，把抽象设计原则转化为可训练的基础能力，适合作为设计初学阶段的系统入门书。

收录原因：日本武藏野美术大学设计信息学科大学第一年的教学课程"
写给大家的西方美术史,,,,,,,,319,zh,COLLECTED,PRIVATE,4,,,,,https://book.douban.com/subject/26417490/,按时间脉络梳理西方美术从史前到现代的发展过程，通过重要流派、代表艺术家和经典作品把几千年的视觉史串联起来。蒋勋的写法并不偏重学院化论证，而是更强调“美”的感受、材料与技法如何在不同文明中展开，因此特别适合第一次系统接触西方美术史的读者。
刘震云全集作品集典藏版,,,,,,,,,zh,COLLECTED,PRIVATE,5,,,,,https://book.douban.com/subject/32582507/,"这是一套刘震云作品典藏版合集，收入《一句顶一万句》《我不是潘金莲》《我叫刘跃进》《温故一九四二》《手机》《一地鸡毛》《故乡相处流传》《故乡天下黄花》等代表作品。它的价值在于集中呈现刘震云如何持续书写日常生活中的荒诞、人情关系与社会异化，适合希望整体把握其创作面貌的读者。

收录原因：口碑很好的书，有人推荐一地鸡毛"
好快！10天背完3000英语单词,,,,,,,,247,zh,COLLECTED,PRIVATE,5,,,,,https://book.douban.com/subject/30620086/,围绕短期高效记忆英语核心词汇展开，重点借助图像化记忆和节奏化编排降低背词负担。它并不追求完整词汇学训练，而是强调在有限时间内快速建立常用词基础，因此更适合处在应试或起步阶段、需要迅速扩大基础词汇量的英语学习者。
质量总监成长记,,,,,,,,389,zh,COLLECTED,PRIVATE,5,,,,,https://book.douban.com/subject/30766067/,"用故事化方式呈现质量工程师成长为质量总监的过程，把PDCA、零缺陷、精益生产、纠正预防和团队建设等方法放进真实管理情境中讲解。它既不是纯理论教材，也不是单纯励志叙事，而是试图把质量管理中的难点、阻力与突破路径讲得具体可操作，适合制造业和质量岗位从业者参考。

收录原因：豆瓣评价很高，是工程管理的推荐书目"
情报分析中的推理方法,,,,,,,,,zh,COLLECTED,PRIVATE,,,,,,https://book.douban.com/subject/36170070/,聚焦情报分析中的推理过程，系统讨论假设建构、因果分析、前景预测、战略评估以及面对不确定、误导性或不相关信息时的处理方法。它超出了一般批判性思维训练的范围，更强调程序化分析和复杂情报场景中的判断路径，适合情报、战略研究和分析方法论方向的读者。
艺术的故事,,,,,,,,692,zh,COLLECTED,PRIVATE,,,,,,https://book.douban.com/subject/26423502/,作为艺术史写作中最经典的入门书之一，它用极清晰的叙述把从洞窟绘画到现代艺术的发展脉络串联起来。贡布里希的重点并不只是介绍作品名称和年代，而是帮助读者理解风格为什么变化、传统如何延续、艺术家怎样回应前人，因此特别适合第一次系统接触艺术史的读者。
数学与艺术 | Mathematics and Art,,,,,,,,576,zh,COLLECTED,PRIVATE,,,,,,https://book.douban.com/subject/26818821/,
粟裕文选,,,,,,,,,zh,COLLECTED,PRIVATE,,,,,,https://book.douban.com/subject/1621437/,"这部三卷本文选按历史阶段系统收录了粟裕在红军时期、抗日战争时期、解放战争时期以及新中国成立后的文电与文稿，较完整地呈现了其军事思想和战略判断。它的阅读重点不只是战争史细节，而在于从原始文本中观察一位高级将领如何分析局势、组织作战与思考军队建设。

收录原因：知乎评论刷到的，原书名是粟裕军事文选，这个是epub的格式，且简单看目录应该包含军事文选的内容。"
通关！游戏设计之道,,,,,,,,438,zh,COLLECTED,PRIVATE,,,,,,https://neodb.social/book/2HWHxGXeisc3u2FF8yUIWL,"以通俗而带有趣味性的方式讲述游戏设计的全过程，内容涵盖剧情、设计文档、机制、策略、角色和常见错误等核心问题。它的特点是把复杂设计工作拆解成易于理解的步骤与案例，并通过图示降低门槛，因此适合作为游戏设计入门者建立整体视野的第一本书。

收录原因：本书以诙谐的语言讲述了游戏设计的整个流程，包括剧情、设计文档、游戏策略、人物角色、玩法等内容"
体适能基础理论,,,,,,,,240,zh,COLLECTED,PRIVATE,4,,,,,https://book.douban.com/subject/3109981/,"系统解释体适能的概念、构成要素、分类及其生理和生化基础，同时讨论运动、体质、健康、体重控制、压力缓解和安全训练之间的关系。它兼顾理论与实践，既适合作为相关专业的基础读物，也适合普通读者用来建立对身体素质和运动训练的更科学理解。

收录原因：介绍能量消耗相关"
近代中国社会的新陈代谢,,,,,,,,427,zh,COLLECTED,PRIVATE,5,,,,,https://book.douban.com/subject/30147582/,"从鸦片战争以后中国社会摆脱传统轨道的过程入手，讨论经济、政治、基层组织、社会思潮、宗族、人口与文化生活等多个层面的深刻变化。作者的重点并不只是罗列事件，而是试图解释近代中国何以发生“新陈代谢”式转变，因此特别适合把它当作近代中国社会整体变迁的导论来读。

收录原因：徐涛推荐，研究了近代社会结构的演变，从经济、政治结构，到城乡基层组织的变化。豆瓣评分高"
游戏造梦师：游戏场景开发与设计,,,,,,,,248,zh,COLLECTED,PRIVATE,5,,,,,https://book.douban.com/subject/37030321/,"围绕游戏场景开发的完整流程展开，内容从基础认知、通用设计流程逐步深入到工业化理解、技术实现和性能优化。它不仅讨论美术表现，也把策划、技术美术和场景生产协作纳入同一框架，因此适合希望理解现代游戏场景工作流，而不只是学习单点技巧的读者。

收录原因：霜狼_May的系统介绍的书"
语言小书,,,,,,,,390,zh,COLLECTED,PRIVATE,3,,,,收藏,https://book.douban.com/subject/30325341/,"以语言学通识写作的方式回顾语言的历史、结构和现实处境，从口音、书写系统到濒危语言与技术变迁都纳入讨论。书中既呈现语言的复杂性，也强调语言始终处在变化之中，因此更适合帮助读者建立一种开放的语言观，而不是把语言仅仅理解成规则集合。

收录原因：小红书看到的系统性介绍语言特点的"
色彩,,,,,,,,436,zh,COLLECTED,PRIVATE,,,,,,https://book.douban.com/subject/36361913/,以跨越绘画、电影、文学、漫画与日常设计的方式讨论色彩，既梳理色彩的历史演变，也分析色彩在文化、心理和视觉表达中的功能。它不只是一本色彩术语手册，更试图说明颜色为何会携带情绪、象征和叙事力量，适合艺术设计学习者与所有需要更系统理解色彩的人阅读。
图像,,,,,,,,540,zh,COLLECTED,PRIVATE,,,,,,https://book.douban.com/subject/36330464/,从视觉文化的角度讨论图像是如何被设计、组织并产生影响力的，内容涉及构图、焦点、比例、光线、色调以及图像在绘画、电影、广告中的不同运作方式。它的重点不是单纯欣赏图像，而是帮助读者理解图像为何有效、如何传达意义，以及创作者如何有意识地操控观看经验。
东方学,,,,,,,,528,zh,COLLECTED,PRIVATE,,,,,,https://neodb.social/book/0UE5D4wYygVN5tp1vlw5Ug,"爱德华·萨义德通过考察西方如何书写、定义和想象“东方”，讨论知识、文化与权力之间的深层关系。书中最重要的观点并不是简单反对某种偏见，而是指出“东方”与“西方”本身都带有建构性，它们在政治、学术和文化叙述中不断相互塑造，因此适合用来理解现代文化批评与后殖民研究的核心问题。

收录原因：搜索后殖民主义时推荐的书，豆瓣文化类排名第二"
基础数学与生活,,,,,,,,,zh,COLLECTED,PRIVATE,,,,,,https://neodb.social/book/2N6Vtjso09hQWp9o3FROrv,"以通俗方式介绍基础数学在现实生活中的应用，把问题求解、集合、逻辑、图论、数系、几何、概率、统计和消费者数学等内容组织成可理解的日常知识框架。它的重点不在高深推导，而在说明数学如何帮助人处理实际问题、理解规则和形成数量判断，适合作为基础通识读物阅读。

收录原因：基础数学与生活联系的介绍"
中国历代政治得失,,,,,,,,192,zh,COLLECTED,PRIVATE,,,,,,https://book.douban.com/subject/36792415/,由钱穆就汉、唐、宋、明、清五代政治制度所作的专题演讲整理而成，重点考察官制、赋税、兵役、考试与监察等制度安排的因革演变。它的写法并不铺陈细节史料，而是以高度概括的方式比较各朝制度得失，因此特别适合希望快速建立中国传统政治制度整体框架的读者。
乡土中国,,,,,,,,426,zh,COLLECTED,PRIVATE,,,,,,https://book.douban.com/subject/1795079/,"这一本收录了《乡土中国》《生育制度》《乡土重建》《皇权与绅权》等代表性著作，集中呈现费孝通对中国乡土社会结构与传统文化运行逻辑的理解。它的重要性不只在提出概念，更在于用极简明的方式解释差序格局、礼治秩序、熟人社会等问题，是理解中国社会学传统的核心入门书。

收录原因：很多地方提到过，类似置身事内"
卓有成效的管理者,,,,,,,,230,zh,COLLECTED,PRIVATE,5,,管理理论与方法论,,,https://book.douban.com/subject/36336321/,"聚焦管理者在组织中的个人管理能力，讨论时间分配、决策顺序、用人方式、成果导向以及如何发挥他人优势等关键问题。德鲁克在这本书里最重要的判断，是“卓有成效可以通过训练获得”，因此它并不是面向高层战略的宏大理论，而是一部强调管理基本功的经典实践读物。

收录原因：是时候需要看了"
创意从哪里来,,,,,,,,,zh,COLLECTED,PRIVATE,5,,认知与思维方法,,,https://book.douban.com/subject/36957881/,"围绕创意如何生成、借鉴与转化展开，重点讨论在信息极其丰富的环境里，个人怎样从模仿、收集、拼接与改造中逐步形成自己的表达方式。它并不把“原创”神秘化，而是强调创意常常来自有意识的吸收与重组，因此适合创作者、设计学习者和希望打破创意焦虑的人阅读。

收录原因：推特看到的，评分较高9.3"
学习的本质,,,,,,,,305,zh,COLLECTED,PRIVATE,4,,认知与思维方法,,收藏,https://book.douban.com/subject/35183198/,"综合多位欧美学者的研究成果，围绕动机、情感、评价、小组学习、技术应用、项目学习和家庭背景等问题，提炼出关于学习的若干核心原则。它不是单一教学技巧手册，而是试图把学习科学中的重要发现整合成可理解、可应用的框架，适合教育工作者和关注学习机制的人阅读。

收录原因：小红书刷到的系统性学习的推荐，用于建立教育体系的。给基础教育工作者看的手册，涵盖了非常多的领域"
跨越鸿沟,,,,,,,,260,zh,COLLECTED,PRIVATE,4,,管理理论与方法论,,,https://book.douban.com/subject/36206088/,"聚焦高科技产品从早期采用者走向主流市场时遭遇的关键断层，讨论企业为什么常常在最关键的一步失速，以及应采取怎样的市场策略完成过渡。它的重点不在抽象营销理论，而在于解释创新产品扩散过程中的真实商业难题，因此一直被视为科技产品营销与增长策略的经典读物。

收录原因：推特看到的关于营销的书"
伟大的博弈,,,,,,,,652,zh,COLLECTED,PRIVATE,4,,政治与社会科学,,,https://book.douban.com/subject/30424140/,"以华尔街的发展史为主线梳理美国资本市场的形成、扩张与制度演化，把金融史、企业史与国家经济史结合起来讲述。它的价值不只是回顾大事件，更在于帮助读者看到资本市场如何一步步塑造现代美国的经济运行方式，适合希望从历史角度理解金融体系的人。

收录原因：小红书看到的，说内容和翻译都很好"
债务危机,,,,,,,,540,zh,COLLECTED,PRIVATE,4,,政治与社会科学,,,https://book.douban.com/subject/30486499/,围绕大规模债务危机的发生机制、演化路径和应对原则展开，试图用模型和历史案例说明债务周期如何形成，以及政策制定者和投资者应如何识别与处理危机。书中既有对德国、美国和2008年金融危机的分析，也有达利欧长期投资实践中的原则提炼，适合理解宏观金融风险的人阅读。
城市规划设计,,,,,,,,,zh,COLLECTED,PRIVATE,,,兴趣与生活,,,https://book.douban.com/subject/34859543/,"这本书以入门导向的方式梳理城市规划设计的基本理论、核心概念与发展脉络，并系统介绍规划编制的内容、原则和方法要点。它的重点不只是解释术语，还试图帮助读者建立城市规划设计的基本思维框架，理解规划工作如何在空间组织、发展目标与现实约束之间展开。适合用来打基础，也适合作为相关专业学习与入行前的整体性导读。

收录原因：小红书看到的，天际线玩家必备~"
决策分析基础,,,,,,,,,zh,COLLECTED,PRIVATE,,,认知与思维方法,,,https://book.douban.com/subject/34435479/,"以不确定性为切入点讨论决策分析的基本框架，强调重大决策从来不是在信息完备条件下完成，而是需要学习如何在不确定中评估方案、权衡后果并保持思路清晰。它的核心价值不在给出万能答案，而在帮助读者建立处理复杂决策时更系统、更有结构的分析方式。

收录原因：小红书看到的系统性的讲述如何做决策分析"
基础数学讲义,,,,,,,,384,zh,COLLECTED,PRIVATE,,,认知与思维方法,,,https://book.douban.com/subject/37076975/,"面向从中学过渡到大学阶段的学习者，讨论数学学习中常见的“知识脱节”和“思维脱节”问题。书中覆盖数系、函数、集合、逻辑、证明、归纳法、公理化系统等内容，更重视解释抽象数学背后的思想动机和学习方式，因此适合作为建立高等数学思维的过渡型读物。

收录原因：推特刷到的，好像还可以"
往威根码头之路,,,,,,,,270,zh,COLLECTED,PRIVATE,5,,政治与社会科学,,收藏,https://book.douban.com/subject/26985355/,"基于奥威尔对英格兰北部工人生活的实地调查，一方面记录煤矿工人及底层家庭的工作与生存状况，另一方面延伸到对社会主义运动、阶级偏见与法西斯主义威胁的反思。它兼具调查纪实、政治论辩和个人思想转向的意味，适合用来理解奥威尔从观察现实到形成政治立场的过程。

收录原因：小红书看到了经典摘录句子还不错"
清晰思考,,,,,,,,312,zh,COLLECTED,PRIVATE,4,,认知与思维方法,,收藏,https://book.douban.com/subject/36953839/,"围绕如何从自动反应模式中抽身、在关键时刻做出更清晰的判断展开，结合历史人物案例以及心理学、神经科学和行为经济学的解释，讨论哪些默认反应会妨碍判断。它不像一般效率书只给结论，而更强调识别思维陷阱、调整默认模式和把普通时刻转化为决策优势。

收录原因：b站看到讲决策思考的，感觉有点成功学的意思，先收藏着到时候简略的看一看"
人体的秘密,,,,,,,,292,zh,COLLECTED,PRIVATE,4,,运动健康,,已下载,https://book.douban.com/subject/35200650/,"以人体中那些常被忽视、又让人难以启齿的生理问题为切口，讨论口腔、肠道、性健康、分泌、卫生习惯等与日常生活密切相关的身体知识。它的特点是把严肃的医学与生理学内容写得通俗直接，既解释成因，也回应常见误区，因此更像一本面向普通读者的人体健康常识书。

收录原因：一些身体的科普"
毛主席教我们当省委书记,,,,,,,,231,zh,COLLECTED,PRIVATE,4,,管理理论与方法论,,已下载,https://book.douban.com/subject/30638267/,"以作者多年现场记录和档案材料为基础，回顾毛泽东在1953年至1965年间对地方治理、干部工作和若干历史问题的具体谈话与指导。它的重点不在抽象评价，而在通过具体事例呈现领导方式、探索过程和争议问题的原始语境，因此更适合作为研究性历史材料来阅读。

收录原因：学习领导方法论（在小红书看到在z下载过什么神书）"
不原谅也没关系,,,,,,,,344,zh,COLLECTED,PRIVATE,4,,心理与自我探索,,必看;已下载,https://book.douban.com/subject/36132802/,"聚焦复杂性创伤后压力综合征及其在成长经历中的来源，讨论羞辱、忽视、控制、背叛等长期伤害如何影响情绪、认知、关系和身体反应。作者结合个人疗愈经验与治疗实践，提供较清晰的自我识别框架与修复路径。它的特点在于把创伤从单次事件扩展到长期关系处境，帮助读者理解许多反复困扰并非性格缺陷，而是创伤留下的适应模式。

收录原因：wy推荐的书"
江小涓学术自传,,,,,,,,160,zh,COLLECTED,PRIVATE,4,,政治与社会科学,,,https://book.douban.com/subject/35018268/,"以第一人称回顾江小涓在学术研究、政策部门和数字经济领域的长期工作经历，把个人履历与改革开放以来中国经济研究和政策变迁放在一起叙述。它不仅是一部经历回顾，也呈现了她如何形成研究问题、推进学术工作以及把研究与现实治理连接起来，适合关注中国经济学术史与政策实践的人阅读。

收录原因：小红书看到的书，介绍自己的研究经历，可以看看高层是怎么思考的"
看电影的艺术,,,,,,,,592,zh,COLLECTED,PRIVATE,4,,艺术设计与理论基础,,,https://book.douban.com/subject/30159631/,"作为电影分析入门教材，它系统讲解电影的视觉设计、剪辑、色彩、声音、叙事、表演和产业角色，帮助读者建立“怎么看电影”的完整框架。它的突出优势在于既讲艺术形式，也讲技术演进和社会语境，因此既适合课堂教学，也适合电影爱好者自学使用。

收录原因：电影赏析书籍"
我胆小如鼠,,,,,,,,251,zh,PAUSED,PRIVATE,4,,文学小说和传记,,优先;已下载,https://book.douban.com/subject/36727318/,"收录余华多篇与成长经验密切相关的中篇小说，集中呈现青春期常见的敏感、怯懦、自卑和心理震荡。它不是单纯回忆式成长书写，而是通过带有自传气息的虚构故事，把少年视角中的恐惧、羞耻和困惑写得异常具体，适合放在余华早期创作脉络中理解。

收录原因：“上小学的时候忘戴红领巾，你感觉世界都要塌了，到了初中考试不及格，你又感觉要完蛋了，高中没考上理想的大学，你觉得自己的人生都没希望了。”

读后感：不推荐 | 书里是几个零散故事组成的，意义不打明确，读起来比较生涩，不如摘录的句子直接。"
压缩现代性下的韩国,,,,,,,,308,zh,COLLECTED,PRIVATE,4,,政治与社会科学,,,https://book.douban.com/subject/36547250/,"围绕“压缩现代性”这一概念分析韩国社会，讨论爆发式经济增长、制度移植、家庭主义、教育竞争、女性劳动与财阀结构之间的复杂关系。书中关注的不只是韩国为何发展得快，更关心传统与现代、本土与全球力量在短时间内强烈挤压之后，社会会出现怎样的结构性矛盾。

收录原因：忘了是哪里收录的，但是介绍了韩国社会在经济高速发展下的变化，可以对比看看国内趋势"
构图的秘密,,,,,,,,124,zh,COLLECTED,PRIVATE,4,,艺术设计与理论基础,,必看;已下载,https://book.douban.com/subject/27618391/,"把“创造差异”概括为构图中的核心原则，并围绕间隔设置、大小安排、色调对比、明暗协调和颜色搭配等具体问题展开。与其说它提供了一整套复杂法则，不如说它试图用一个足够清晰的判断标准帮助学习者发现画面的平淡之处，并主动制造视觉张力与趣味。

收录原因：与构图的艺术同本推荐"
重组与突破,,,,,,,,494,zh,COLLECTED,PRIVATE,,,管理理论与方法论,,已下载,https://book.douban.com/subject/36854731/,基于黄奇帆长期参与改革与管理实践的经历，讨论企业和行业在遇到结构性困境时如何通过重组实现资源优化配置和体制机制创新。书中既谈投融资平台、金融企业和国企集团，也谈房地产、工业、教育、财政等行业重组，因此更适合作为观察中国式治理与改革操作逻辑的实践材料。
底层逻辑2,,,,,,,,296,zh,COLLECTED,PRIVATE,,,认知与思维方法,,,https://book.douban.com/subject/36122558/,"延续前作对“底层逻辑”的关注，但更强调环境变量、商业规则和方法论之间的关系，试图帮助读者把原则真正落到赛道判断、商业分析和创业决策中。它的重点不在提出新概念本身，而在提醒读者：同样的逻辑放进不同环境，会导向完全不同的策略选择。

收录原因：提到了一些数学与社会的实际关联，可以当数学相关的知识看一看"
底层逻辑,,,,,,,,352,zh,COLLECTED,PRIVATE,,,认知与思维方法,,,https://book.douban.com/subject/35620025/,把个人成长、思考方式、社会协作和判断是非等问题放到同一个框架里，试图总结那些跨情境都能成立的“底层逻辑”。内容更偏向把商业经验与人生经验抽象成可理解的原则，适合用来建立分析问题时的通用参照系，而不是只停留在具体技巧层面。
活着,,,,,,,,191,zh,READ,PRIVATE,5,,文学小说和传记,,优先;已下载,https://book.douban.com/subject/4913064/,"通过福贵一生的命运沉浮，写普通人在时代变迁、家庭离散和连续失去中的生存经验。小说并不依赖复杂叙事技巧，而是用极其朴素的语言把苦难、韧性、命运和活着本身的重量写到极致，因此常被视为理解余华写作气质和中国当代文学经验的一部代表作。

读后感：推荐|讲了富贵多变的一生，从小时候的阔少到染上赌瘾之后没落，基础的生活都充满变数。给人一种命途多舛的感觉，人这一生想要安安稳稳平平淡淡也很不容易了。"
通向繁荣之路,,,,,,,,440,zh,COLLECTED,PRIVATE,,,政治与社会科学,,,https://book.douban.com/subject/36951903/,围绕“国家为什么能走向繁荣”这一问题，重新审视经典经济理论中的争议观点，特别强调定理和定律背后的前提条件、适用范围以及与现实案例之间的对应关系。它的重点不在堆砌理论史，而在帮助读者区分哪些经济学结论在什么条件下成立，适合作为理解发展问题的通俗理论读物。
饮食的迷思,,,,,,,,340,zh,COLLECTED,PRIVATE,,,运动健康,,已下载,https://book.douban.com/subject/30437166/,针对当代流行饮食观念中的大量冲突说法，讨论脂肪、蛋白质、糖分、维生素、酒精、咖啡因等营养成分到底如何影响身体。作者结合长期双胞胎研究数据和大量文献，强调个体差异、肠道菌群和真实证据的重要性，适合用来纠正流行饮食迷思，建立更稳妥的营养判断框架。
无器械健身,,,,,,,,223,zh,COLLECTED,PRIVATE,,,运动健康,,已下载,https://book.douban.com/subject/11608712/,围绕无需器械的自重训练展开，重点在于用较低门槛建立系统、全面且可持续的健身方案。书中强调不同年龄、性别和体能水平的人都能找到适配动作，并通过时间成本较低的计划获得改善，因此尤其适合需要居家训练、旅行训练或不依赖健身房的人。
囚徒健身,,,,,,,,264,zh,COLLECTED,PRIVATE,,,运动健康,,已下载,https://book.douban.com/subject/25717097/,以徒手训练为核心，重新整理力量、耐力、控制与身体素质提升的方法，强调在有限条件下也能通过系统进阶获得显著训练效果。它的风格带有强烈的个人传奇色彩，但更重要的是把动作分级、基础能力和长期训练逻辑组织得很清楚，适合偏好自重训练的人参考。
梦的解析,,,,,,,,580,zh,COLLECTED,PRIVATE,,,心理与自我探索,,,https://book.douban.com/subject/26823033/,以梦的分析为入口建立精神分析的基本框架，提出潜意识、愿望满足和俄狄浦斯情结等后来极具影响力的概念。它的重要性不仅在于解释梦，更在于改变了人理解自我、欲望、症状和内在冲突的方式，因此适合把它当作理解现代心理学思想史的一部关键文本。
亲密关系,,,,,,,,540,zh,COLLECTED,PRIVATE,,,心理与自我探索,,已下载,https://book.douban.com/subject/26585065/,综合社会心理学、发展心理学、传播学和家庭研究等领域成果，系统讨论吸引、爱情、性、冲突、承诺、沟通与关系维持等亲密关系问题。它的长处在于既尊重实证研究，又保持较强的可读性，因此适合希望用更科学的框架理解恋爱、婚姻和亲密互动的人。
内向者优势,,,,,,,,247,zh,COLLECTED,PRIVATE,4,,心理与自我探索,,,https://book.douban.com/subject/2980795/,围绕内向人格的心理特点与生活策略展开，重点讨论内向者如何在工作、社交、婚姻、家庭和育儿等具体情境中理解并使用自己的个性优势。它并不把内向视作需要矫正的缺陷，而是帮助读者识别精力管理、独处需求和细节敏感等特质，适合内向者及其亲近者阅读。
动物庄园,,,,,,,,176,zh,COLLECTED,PRIVATE,,,文学小说和传记,,已下载,https://book.douban.com/subject/24371382/,通过一座动物农庄的革命与蜕变，隐喻革命理想如何在权力斗争中被扭曲、背叛并最终转化为新的压迫。小说篇幅不长，却把平等口号、权力垄断、宣传操控和历史改写写得异常尖锐，适合用来理解政治寓言的力量，以及理想主义在现实权力结构中的脆弱性。
选择的悖论,,,,,,,,205,zh,COLLECTED,PRIVATE,,,认知与思维方法,,已下载,https://book.douban.com/subject/21346249/,围绕“选择越多，人未必越幸福”这一核心命题展开，结合大量心理学实验解释为什么选择过多反而会让人犹豫、焦虑、后悔并降低满足感。书中不仅讨论锚定效应、框架效应和机会成本等影响因素，也给出改善选择质量的思路，适合用来反思消费、人生决策和幸福感之间的关系。
第一性原理,,,,,,,,200,zh,READ,PRIVATE,,,认知与思维方法,,已下载,https://book.douban.com/subject/35265358/,"把“第一性原理”引入商业与创新语境，讨论在创业、经营和组织变革中如何回到事物最根本的前提重新思考。书中通过方法拆解和案例说明，强调创新并不只是模仿成功经验，而是不断追问问题的本源，适合对商业创新、认知升级和思维方法感兴趣的读者阅读。

读后感：一般，开头的归纳演绎之类的概念写的不错，到后面有些生硬，互联网成功学味太浓。"
人性的弱点,,,,,,,,303,zh,COLLECTED,PRIVATE,,,心理与自我探索,,已下载,https://book.douban.com/subject/25985683/,围绕人际交往、自我管理与沟通方式展开，汇集卡耐基关于影响他人、赢得合作、改善关系和建立积极习惯的经典建议。它的核心并不是抽象励志，而是通过大量日常场景说明人性中的需求、情绪和互动规律，因此长期被当作社交心理与沟通实践的入门读物。
社会心理学,,,,,,,,504,zh,COLLECTED,PRIVATE,5,,心理与自我探索,,寻找中,https://book.douban.com/subject/1476651/,作为长期主导社会心理学教学的经典教材，它系统讨论人如何看待自己、影响他人并与他人建立联系。内容既有基础研究，也有现实应用，因此适合把偏见、态度、说服、群体影响、攻击、亲社会行为等问题放回生活经验中理解，是入门社会心理学非常稳固的一部基础书。
摄影的艺术,,,,,,,,356,zh,COLLECTED,PRIVATE,4,,艺术设计与理论基础,,已下载,https://book.douban.com/subject/10511063/,"这是一部兼顾技术、审美与创作理念的综合摄影教材，既讲传统与数码摄影的基本方法，也深入讨论摄影中的表达、哲学与创意问题。它的优势在于语言清晰、结构完整、案例丰富，适合从初学者到进阶创作者用来建立既重技术又重个人视觉表达的摄影框架。

收录原因：摄影理论榜单"
世界摄影史,,,,,,,,720,zh,COLLECTED,PRIVATE,4,,艺术设计与理论基础,,已下载,https://book.douban.com/subject/20487300/,"以较清晰的线索梳理摄影术发明以来的发展过程，覆盖重要流派、代表摄影家及经典作品，同时把摄影史与艺术史、社会史联系起来观察。书中价值不只在提供时间顺序上的知识，更在于帮助读者理解不同摄影风格为何出现、如何变化，以及作品背后的时代条件与审美取向。

按年代与主题双重线索追溯摄影作为一门现代艺术的发展过程，特别关注肖像、纪实、广告、摄影报道以及摄影作为个人表达媒介的多重角色。书中不仅梳理摄影家和风格流变，也补充技术简史、图像专题和术语体系，适合希望获得更完整国际摄影史视野的读者。

收录原因：内奥米•罗森布拉姆-中国摄影出版社

收录原因：顾铮-浙江人民美术"
英语语法看这本就够了大全集,,,,,,,,336,zh,COLLECTED,PRIVATE,3,,语言学习,,,https://book.douban.com/subject/24700164/,"把英语语法中的主要知识点集中整理为一册，内容覆盖常见语法规则、例句、重点难点与相关特殊用法，整体偏向查阅型和练习型结合的通用语法工具书。它的优势在于例句贴近日常使用场景，适合希望快速补全语法知识、巩固基础并随时翻查重点问题的学习者。

收录原因：基础框架，很基础"
英语语法新思维——句子成分超精解,,,,,,,,264,zh,COLLECTED,PRIVATE,4,,语言学习,,,https://book.douban.com/subject/26617512/,以“句子成分”为切入点，重新梳理英语句子的基本结构，把常见语法问题还原为主语、谓语、宾语、补语等成分之间的关系。相比传统语法书的规则罗列，它更强调通过句型推演形成英语思维，适合准备四六级或希望提升阅读、写作与句法分析能力的一般英语学习者。
新东方 英语语法新思维中级教程：通悟语法,,,,,,,,344,zh,COLLECTED,PRIVATE,5,,语言学习,,,https://book.douban.com/subject/30571037/,承接初级部分，重点处理简单句与复合句、名词从句、定语从句、状语从句、完成时态、完成进行时态、虚拟语气和情态动词等中级语法问题。它真正想解决的不是语法点太多，而是学习者缺少一套连贯体系，因此适合用来把零散规则整合成可以实际运用的句法理解框架。
新东方 英语语法新思维初级教程：走近语法,,,,,,,,308,zh,COLLECTED,PRIVATE,5,,语言学习,,,https://book.douban.com/subject/30701505/,作为“语法新思维”系列的入门册，重点覆盖名词、限定词、形容词、动词、五种基本句型以及一般时态、进行时态等初级语法内容。它的特点不是死记规则，而是试图分析语言背后的思维逻辑，帮助学习者从“背语法”转向“理解语法”，更适合作为英语基础阶段的系统搭建工具。
1984,,,,,,,,333,zh,READ,PRIVATE,5,,文学小说和传记,,已下载,https://book.douban.com/subject/25798623/,作为二十世纪最重要的政治寓言之一，它通过极权社会的想象，讨论国家机器如何通过监控、战争、语言控制、历史改写和领袖崇拜来塑造人的思想。小说的力量不在情节反转，而在于它把政治压迫写成日常现实，适合用来理解现代极权逻辑及其对语言、记忆与个体自由的侵蚀。
配色大原则,,,,,,,,224,zh,COLLECTED,PRIVATE,4,,艺术设计与理论基础,,已下载,https://book.douban.com/subject/27174408/,围绕设计中的色彩使用原则展开，内容既讲颜色本身的基础知识，也系统梳理配色理论、文化差异、应用技巧和不同目的下的实例方案。它的优点在于强调“配色是为表达设计目的服务”，因此更适合实际做设计的人用来提高配色稳定性，而不只是记住若干色彩术语。
概念设计的秘密 游戏美术基础与设计方法,,,,,,,,304,zh,COLLECTED,PRIVATE,4,,艺术设计与理论基础,,,https://book.douban.com/subject/36195789/,从视觉构成和设计逻辑的底层原则讲起，逐步扩展到节奏、形式、空间、光影以及产品导向下的概念设计规划。书里既关注单张画面的完成度，也关注概念设计在游戏开发流程中的功能性，因此适合想把绘画基础、设计方法和行业应用连接起来的游戏美术学习者。
视觉艺术用光,,,,,,,,168,zh,COLLECTED,PRIVATE,5,,艺术设计与理论基础,,已下载,https://book.douban.com/subject/19950884/,聚焦光线在绘画、摄影、动画、数码插画等视觉艺术中的表达功能，讨论如何利用光线塑造真实感、气氛与奇幻效果。书中既有概念讲解，也有大量示意图和小型教程，因此更像一本跨媒介的用光指南，适合不同视觉创作者建立统一的光线理解框架。
构图的艺术,,,,,,,,142,zh,COLLECTED,PRIVATE,4,,艺术设计与理论基础,,已下载,https://book.douban.com/subject/6982049/,从绘画构思的最前端切入，讨论怎样通过缩略图、明暗安排、画面归类和注意力组织来建立更有效的构图。它强调构图并不是最后修补，而是在起稿之前就决定画面成败的关键步骤，因此特别适合正在从“会画对象”转向“能组织画面”的绘画学习者。
电影摄影照明技巧教程,,,,,,,,388,zh,COLLECTED,PRIVATE,4,,艺术设计与理论基础,,已下载,https://book.douban.com/subject/20423230/,以北京电影学院相关课程为基础，讨论电影摄影中的照明逻辑、光线结构与具体布光方法。书中把理论概念、影片实例、图示说明和作者多年经验放在一起处理，因此既适合作为电影摄影学习的教材，也适合作为导演、美术等相关方向理解影像光线的辅助读物。
色彩与光线,,,,,,,,224,zh,COLLECTED,PRIVATE,5,,艺术设计与理论基础,,,https://book.douban.com/subject/27092980/,围绕绘画中最关键的两个视觉要素——色彩与光线——展开，既回顾传统大师的处理方式，也细讲光源、材质、色彩关系、大气效果与颜料混合等具体问题。它的长处在于把理论、观察与实际创作经验结合起来，因此不仅适合画者，也适合所有希望更准确理解视觉世界的人。
数字绘图的光照与渲染技术,,,,,,,,324,zh,COLLECTED,PRIVATE,5,,艺术设计与理论基础,,已下载,https://book.douban.com/subject/3225198/,"以数字影视与三维创作为背景，系统讲解光照与渲染的原理、流程和实际经验。内容既覆盖好莱坞级别的技术方法，也强调从真实制作问题出发理解光影、材质与空间表现，因此对3D从业者、动画学习者和希望补足渲染基础的人来说，都是一部很有分量的参考书。

收录原因：猫叔分享的书，一直没看"
让画面有故事感的色彩与构图,,,,,,,,240,zh,READING,PRIVATE,4,,艺术设计与理论基础,,,https://book.douban.com/subject/36462982/,"把色彩与构图放回视觉叙事之中，重点讨论画面如何通过颜色关系、结构骨架、光线设置和镜头组织来传达情绪与故事。书中吸收动画和电影美术中的经验，不只是教“好看”，更关心“画面是否可读、是否有趣、是否情绪准确”，适合插画、分镜和影视美术方向的读者。

笔记：让画面更有故事感的色彩与构图 (https://app.notion.com/p/1b41a26a3cb181b7877aedbd133dc304?pvs=21)"
CG造型基础与创作,,,,,,,,,zh,COLLECTED,PRIVATE,5,,艺术设计与理论基础,,,https://book.douban.com/subject/35052844/,从观察、比较、结构与透视等基础问题切入，讨论CG造型训练中最底层也最容易被忽视的能力。内容不仅涉及写实造型的前提条件，也延伸到审美、构成、光影和素描表现等更综合的创作问题，适合希望把绘画基础、设计意识和数字造型能力系统打通的学习者。
配色基础原理,,,,,,,,141,zh,COLLECTED,PRIVATE,4,,艺术设计与理论基础,,,https://book.douban.com/subject/2230545/,把配色问题简化为可操作的基础原则，重点讨论颜色分类、色彩心理、配色效果以及在报刊、网页、包装等设计场景中的实际应用。它并不追求复杂理论体系，而是帮助读者快速理解“颜色如何搭配才有效”，适合设计入门者和需要提升用色稳定性的实践型读者。
小说写作：叙事技巧指南,,,,,,,,254,zh,COLLECTED,PRIVATE,4,,视野与能力拓展,,已下载,https://book.douban.com/subject/35434468/,围绕小说叙事的核心要素展开全流程指导，内容涵盖人物、背景、情节、结构、叙述视角、主题和修改等关键问题，并通过练习和范例帮助写作者把抽象原则转化为实际操作。它的优势在于兼顾方法讲解与阅读引导，适合作为长期写作训练中的案头工具书使用。
摄影构图与用光十讲,,,,,,,,,zh,COLLECTED,PRIVATE,,,艺术设计与理论基础,,已下载,https://book.douban.com/subject/27178239/,按十讲的结构系统介绍摄影中的构图与用光，前半部分讨论构图元素、画面关键词、人物姿态和构图能力训练，后半部分转入影调、曝光、光线语言以及不同场景下的实战技巧。整体更偏向基础能力搭建，适合摄影初学者把“怎么拍”拆解为可练习的观察与控制方法。
光影创作课：21位电影摄影大师的现场教学,,,,,,,,360,zh,COLLECTED,PRIVATE,4,,艺术设计与理论基础,,已下载,https://book.douban.com/subject/30155073/,围绕电影摄影中的光线、机位、场景处理与画面叙事展开，通过21位电影摄影师的课程、访谈和案例讲解，呈现技术与美学如何在具体拍摄中结合。书中既有逐镜分析、布光图示和现场经验，也强调摄影始终服务于故事本身，适合电影创作者和视觉表达学习者深入参考。
美国纽约摄影学院摄影教材上下册,,,,,,,,,zh,COLLECTED,PRIVATE,5,,艺术设计与理论基础,,已下载,https://book.douban.com/series/14149,这套教材长期被视为摄影入门与进阶阶段的经典参考书，体系完整，覆盖摄影基础、数码与传统技术、新闻摄影、商业摄影、建筑摄影、暗房与后期等多个门类。它的特点不是只讲单项技巧，而是把摄影作为一整套观察、表达与操作系统来训练，适合希望系统学习摄影的人长期使用。
艺术与视知觉-2019,,,,,,,,507,zh,COLLECTED,PRIVATE,4,,艺术设计与理论基础,,,https://book.douban.com/subject/30484307/,这是一部把格式塔心理学引入艺术分析的经典著作，重点讨论视觉经验如何影响人对形状、空间、平衡、张力、秩序与表现性的理解。它并不把艺术仅仅当作审美对象，而是试图解释人为什么会这样观看、感受和组织图像，因此特别适合艺术设计、美学和视觉创作相关读者作为理论基础阅读。
照片的本质,,,,,,,,131,zh,COLLECTED,PRIVATE,4,,艺术设计与理论基础,,已下载,https://book.douban.com/subject/10567183/,从摄影媒介本身出发讨论“照片为什么会成为照片”，重点放在世界如何经由相机、底片或数码记录转化为图像。书中结合经典摄影作品、匿名照片和不同摄影类型，分析观看、取景、媒介特性与图像意义之间的关系，适合帮助读者建立对照片本体和摄影语言的更深理解。
关于构图问题,,,,,,,,74,zh,COLLECTED,PRIVATE,5,,艺术设计与理论基础,,已下载,https://book.douban.com/subject/26647513/,"来自潘天寿在中国画系的讲课记录，系统讨论构图中宾主、虚实、疏密、对比、呼应、空白、重心、开合等具体问题。它的价值不只是总结若干技法规则，而是在中国画语境下解释画面组织背后的整体关系，适合用来打基础，也适合反复对照实际创作中的构图问题。

收录原因：微信读书推荐的，评分较高"
短篇小说写作指南,,,,,,,,360,zh,COLLECTED,PRIVATE,4,,视野与能力拓展,,已下载,https://book.douban.com/subject/30358497/,面向短篇小说创作者梳理从灵感生成到成稿打磨的关键环节，内容涉及人物塑造、对白、视角、情节推进、场景搭建和闪回运用等常见问题。它的特点是把多位作家与编辑的经验集中到一本书里，既能帮助初学者建立基础框架，也能为已有写作经验的人提供具体修正思路。
毛泽东选集,,,,,,,,,zh,COLLECTED,PRIVATE,5,,管理理论与方法论,,已下载,https://book.douban.com/series/7496,"这是按中国共产党成立后不同历史时期和著作时间顺序编排的毛泽东重要著作选集，重点收录经过审定、在思想和历史上具有代表性的文本。它的价值主要在于呈现中国革命与建国时期若干关键问题上的理论阐述与政治判断，适合用来了解毛泽东思想形成和中共早期历史脉络中的核心文献。

收录原因：https://zh.z-lib.gd/book/5988142/b08131/%E6%AF%9B%E6%B3%BD%E4%B8%9C%E9%80%89%E9%9B%8617.html"
潜规则,,,,,,,,272,zh,COLLECTED,PRIVATE,4,,政治与社会科学,,已下载,https://book.douban.com/subject/3580750/,借历史案例讨论正式制度之外长期支配社会运行的不成文规则，重点放在官场秩序、利益计算、趋利避害和制度失灵之间的关系。作者并不满足于讲述掌故，而是试图解释“潜规则”为何形成、如何运转以及不同阶层在其中的处境与选择，适合用来理解历史叙事背后的社会机制。
消逝的童年,,,,,,,,232,zh,COLLECTED,PRIVATE,4,,政治与社会科学,,已下载,https://book.douban.com/subject/26319794/,"从媒介史角度讨论“童年”为何并非天然存在，而是与印刷时代的知识分配结构密切相关。作者认为，电视和后续媒介的发展打破了成人与儿童之间原有的信息边界，使童年逐渐失去独立性。它的重点不只是儿童教育问题，而是通过童年的变化，分析媒介如何重组社会角色、文化分层和成长过程。

收录原因：尼尔•波斯曼的“媒介批评三部曲”"
技术垄断,,,,,,,,312,zh,COLLECTED,PRIVATE,4,,政治与社会科学,,已下载,https://book.douban.com/subject/33385896/,"继续延伸尼尔·波兹曼对媒介与技术的批判，讨论当技术从工具演变为支配文化的力量之后，信息、制度、知识与价值观会发生怎样的变化。书中提出“技术垄断”这一判断，重点不是反技术本身，而是警惕社会在崇拜效率、数据和所谓科学化的过程中，逐渐放弃对文化、伦理与传统意义的主动维护。

收录原因：尼尔•波斯曼的“媒介批评三部曲”"
娱乐至死,,,,,,,,224,zh,COLLECTED,PRIVATE,4,,政治与社会科学,,已下载,https://book.douban.com/subject/26319730/,"围绕电视时代如何重塑公共表达展开，核心论点是政治、教育、宗教、新闻和商业等领域一旦全面娱乐化，公共文化的内容与判断标准都会发生根本变化。书中真正尖锐的地方，不只是批评电视媒介本身，而是指出人们可能在不知不觉中把娱乐当成理解世界的主要方式，因此非常适合用来反思媒介如何改变思考习惯。

收录原因：尼尔•波斯曼的“媒介批评三部曲”"
小米创业思考,,,,,,,,383,zh,COLLECTED,PRIVATE,4,,管理理论与方法论,,已下载,https://book.douban.com/subject/36057097/,以雷军对小米发展路径的复盘为主线，讨论创业、经营和效率革命背后的管理逻辑。内容集中在“小米模式”的关键原则，如互联网制造、爆品方法、高效率模型和生态链思路，不仅适合关注企业增长与产品策略的人，也适合把它当作理解中国互联网公司经营哲学的一手材料来阅读。
当代中国社会分层,,,,,,,,535,zh,COLLECTED,PRIVATE,4,,政治与社会科学,,已下载,https://book.douban.com/subject/30424945/,围绕改革开放以来中国社会阶层结构的形成、变化与未来走向展开，重点讨论社会分层如何影响个体位置、社会流动与整体社会结构。书中既有宏观分析，也试图用较通俗的方式解释“倒丁字型”“土字型”等结构变化，因此既适合社会学入门者，也适合希望理解自身所处社会位置的普通读者。
苏东坡传,,,,,,,,356,zh,COLLECTED,PRIVATE,4,,文学小说和传记,,已下载,https://book.douban.com/subject/30171389/,林语堂笔下的苏东坡，并不只是单线条的文学家或政治人物，而是一个兼具诗人、书法家、画家、官员、思想者和生活者多重身份的复杂人物。传记重点不在史料铺陈的密度，而在于通过带有文学性的叙述，呈现苏东坡性格、才情与命运之间的张力，适合希望从人物气质进入其时代背景的读者。
血酬定律,,,,,,,,408,zh,COLLECTED,PRIVATE,4,,政治与社会科学,,已下载,https://book.douban.com/subject/25806559/,以“血酬”这一概念为核心，讨论暴力掠夺、生命代价与生存资源之间的交换关系，并试图用这一逻辑解释晚清到民国时期大量社会现象。书中提出的重点不只是一个新名词，而是借“血酬定律”分析暴力为何发生、如何被计算以及为何不创造财富，适合用来理解历史秩序与社会运行中的底层规则。
建国以来毛泽东文稿,,,,,,,,,zh,COLLECTED,PRIVATE,,,管理理论与方法论,,,https://book.douban.com/subject/36689157/,"这是一部以研究用途为主的综合文献集，系统收录建国后毛泽东审定或撰写的文章、指示、电报稿、讲话提纲、书信和批注等多类文稿。其价值不在叙事性阅读，而在于为政治史、思想史和当代中国研究提供较完整的原始文本材料，适合需要进行文献考证、历史研究或政策脉络梳理的读者使用。

收录原因：20多册，还没来得及下载"
尼尔：自动人形  美术记录集,,,,,,,,,zh,COLLECTED,PRIVATE,,,游戏设计与开发,,,https://book.douban.com/subject/30178741/,以《尼尔：自动人形》的世界观设定与视觉资料为核心，按地域和场景重新组织游戏中的概念美术、插画以及人物、武器等设定内容。它更像一部面向玩家和美术爱好者的设定档案，既能帮助读者回看作品中的视觉系统，也能从中理解这一世界在氛围塑造和美术设计上的整体思路。
后浪电影学院,,,,,,,,,zh,COLLECTED,PRIVATE,,,艺术设计与理论基础,,,https://book.douban.com/series/24802,"后浪电影学院”是一套面向影视专业学习与创作实践的电影类丛书，内容覆盖电影语言、导演、编剧、摄影、剪辑、电影史与电影理论等多个方向。它既强调系统性的专业知识，也重视具体创作方法和行业实践，适合影视专业学生、从业者以及希望较完整进入电影学习路径的读者

收录原因：猫叔书架看到的"
路米斯经典美术课,,,,,,,,,zh,COLLECTED,PRIVATE,5,,艺术设计与理论基础,,已下载,https://book.douban.com/subject/30612353/,"作为一套面向初学者的绘画基础教程，这组书围绕素描、人体、头手结构和插画表达等核心问题展开，由浅入深讲解绘画原则、造型方法和训练重点。它的突出价值在于大量图例与临摹范例，以及对体积、重量、光影、动作和结构关系的持续强调，适合用来系统补足造型基础。

收录原因：网上看到过拆解分享 - 共四册《素描基础》《人体素描》《头手素描》《创意插画》"
博弈论与生活,,,,,,,,248,zh,COLLECTED,PRIVATE,4,,认知与思维方法,,已下载,https://book.douban.com/subject/35352508/,尝试把博弈论从抽象模型带回日常生活，重点讨论合作、利益分配、僵局破局、公平结果和共赢关系的形成机制。作者并不满足于解释理论，而是把婚姻、邻里、劳动争议等现实问题放进博弈框架中加以分析，因此更适合作为理解合作策略和冲突协调的通俗入门读物。
帕拉尼克谈写作,,,,,,,,264,zh,COLLECTED,PRIVATE,4,,视野与能力拓展,,已下载,https://book.douban.com/subject/35941988/,结合恰克·帕拉尼克自身的创作经历，讨论小说写作中真正有效的叙事技巧和训练方式。书里既有《搏击俱乐部》等作品背后的经验，也有对故事节奏、场景设置、语言控制和写作习惯的具体反思，因此既带有回忆录色彩，也具有相当强的写作指导价值，适合想提升叙事感和写作锐度的读者。
小说写作完全手册,,,,,,,,,zh,COLLECTED,PRIVATE,5,,视野与能力拓展,,,https://book.douban.com/subject/36814335/,围绕小说创作的完整流程展开，内容涵盖情节、人物、对话、视角、灵感管理、修改策略、出版路径以及与编辑、经纪人和读者建立联系等多个环节。它不是单一技巧手册，而更像来自作者、编辑和行业从业者的经验汇编，适合希望同时理解写作方法与出版实践的小说写作者参考。
数学的奥秘,,,,,,,,166,zh,COLLECTED,PRIVATE,4,,兴趣与生活,,,https://book.douban.com/subject/1155831/,
怪诞行为学,,,,,,,,248,zh,COLLECTED,PRIVATE,4,,政治与社会科学,,已下载,https://book.douban.com/subject/4929844/,从行为经济学角度讨论人为什么会在金钱、消费、借贷和公共决策中反复做出不理性的选择。作者通过实验说明，非理性并非偶发失误，而是具有稳定模式的心理机制，并进一步分析这种机制如何影响金融危机、公共政策和日常判断。适合对决策偏差、经济行为和现实选择感兴趣的读者阅读。
社会性动物,,,,,,,,379,zh,COLLECTED,PRIVATE,5,,政治与社会科学,,已下载,https://book.douban.com/subject/2328458/,作为社会心理学领域影响力极大的经典著作，它关注的不是孤立个体，而是人在群体、关系、偏见、说服、从众和社会情境中的行为机制。阅读重点通常不在术语堆砌，而在通过社会心理学解释日常生活中看似自然却并不简单的人际互动，适合用来建立对社会行为和群体心理的基础理解。
注意力商人,,,,,,,,560,zh,COLLECTED,PRIVATE,4,,政治与社会科学,,已下载,https://book.douban.com/subject/30216368/,把现代媒体与互联网平台的发展史放进同一条商业逻辑中考察，重点讨论报纸、广播、电视到网络平台如何争夺、组织并出售公众注意力。内容不仅讲行业演变，也拆解“免费服务”背后的变现结构，因此更适合帮助读者理解媒介平台如何塑造消费习惯、信息环境和个人注意力分配。
认知心理学（原著第五版）,,,,,,,,,zh,COLLECTED,PRIVATE,5,,心理与自我探索,,,https://book.douban.com/subject/35237345/,系统介绍认知心理学与认知神经科学的基础框架，内容覆盖知觉、注意、记忆、语言、问题解决、判断、决策和推理等核心领域。书中一方面梳理经典实验和理论，另一方面吸收神经成像、镜像神经元、默认模式网络等新进展，适合用来建立对“人如何感知、记忆、理解和思考”的整体认识。
美国陆军实用参考丛书,,,,,,,,,zh,COLLECTED,PRIVATE,,,兴趣与生活,,,https://book.douban.com/series/46795,收录原因：收藏着，专业军事书籍
穷查理宝典,,,,,,,,552,zh,COLLECTED,PRIVATE,5,,兴趣与生活,,已下载,https://book.douban.com/subject/26831789/,"系统整理了查理·芒格的演讲、访谈、传记材料与投资理念，内容既涉及价值投资，也涵盖学习方法、决策原则与多元思维模型。它的重点不在提供短线技巧，而在展示芒格如何把跨学科知识转化为长期判断框架，因此更适合希望理解其思维方式、而不仅是投资结论的读者。

收录原因：也是财富相关的概念书籍"
金字塔原理,,,,,,,,333,zh,READING,PRIVATE,4,,认知与思维方法,,已下载,https://book.douban.com/subject/33391219/,"围绕如何把零散观点组织成清晰结构展开，核心是用层级化方式处理思考、表达、写作和解决问题。书中不仅讲逻辑框架本身，也延伸到项目沟通、方案汇报、分析写作等具体场景，适合需要提升结构化表达和高效沟通能力的读者，尤其适合作为职场写作与分析方法工具书。

收录原因：介绍了一种能清晰地展现思路的高效方法"
富爸爸，穷爸爸,,,,,,,,368,zh,COLLECTED,PRIVATE,4,,兴趣与生活,,已下载,https://book.douban.com/subject/27153484/,"通过“穷爸爸”和“富爸爸”两种截然不同的人生路径，讨论金钱观、资产观和个人财务教育的问题。内容并不主要讲复杂投资技巧，而是借故事说明工资收入、资产积累、现金流意识和财富思维之间的差异，因此更像一本面向大众的财商启蒙读物，强调先改变看待金钱的方式。

收录原因：财富相关的概念书籍"
摄影构图学,,,,,,,,259,zh,COLLECTED,PRIVATE,5,,艺术设计与理论基础,,已下载,https://book.douban.com/subject/1779243/,"重点讨论摄影中的构图训练与视觉观察能力，强调审美判断并非完全依赖天赋，而可以通过有意识的实验和练习逐步形成。书中更有价值的部分在于把构图原则与具体训练方法结合起来，因此不仅讲“如何看”，也讲“如何练”，适合摄影初学者和希望补基础的读者参考。

收录原因：李涛推荐 - 比较系统的阐述了摄影构图的原理和实践-pdf扫描版"
爱的心理学,,,,,,,,239,zh,COLLECTED,PRIVATE,4,,心理与自我探索,,,https://book.douban.com/subject/26830648/,"围绕“爱”在人际关系和自我成长中的真实含义展开，讨论人们对爱常见的误解，以及恐惧、控制、依赖与开放之间的心理张力。书中强调爱的能力并非单纯情绪体验，而与自我认识、边界感和关系质量有关，适合用来反思亲密关系、原生家庭经验与个体内在状态之间的联系。

收录原因：从心理学解读爱"
从一到无穷大,,,,,,,,424,zh,COLLECTED,PRIVATE,5,,视野与能力拓展,,已下载,https://book.douban.com/subject/34782541/,"以通俗方式串联数论、相对论、量子力学、核物理、遗传学等多个领域，把抽象科学问题放进连贯的世界图景中讲解。内容既回答关于无穷大、空间维度和原子尺度等经典问题，也展示现代科学如何理解自然，适合用来拓展科学视野，并建立跨学科的基础想象力。

收录原因：解释生活中一些数学问题"
项目管理精华,,,,,,,,216,zh,COLLECTED,PRIVATE,4,,管理理论与方法论,,已下载,https://book.douban.com/subject/26986573/,"把项目管理理解为一种通用的实践能力，关注目标设定、资源调动、执行推进与结果达成之间的关系。内容强调许多工作本质上都可以视为项目，因此重点不只面向专业项目经理，也适合希望提升组织、协作和推进效率的普通读者，整体更偏向可直接应用的管理实践读物。

收录原因：非职业项目经理的入门书"
控制论与科学方法论,,,,,,,,214,zh,COLLECTED,PRIVATE,5,,管理理论与方法论,,已下载,https://book.douban.com/subject/1322336/,"从控制论与系统论的基本概念出发，介绍反馈、信息、组织、系统演化和质变模型等与科学方法论相关的问题。全书以较通俗的方式处理原本偏抽象的理论，既讲概念，也讲这些概念如何帮助人理解复杂系统和科学思维，适合作为方法论和系统思考的基础读物来阅读。

收录原因：本书从控制论和系统论基本概念的角度介绍科学方法论知识"
思辨与立场,,,,,,,,345,zh,COLLECTED,PRIVATE,4,,认知与思维方法,,已下载,https://book.douban.com/subject/26872634/,"核心关注批判性思维与审辩式思考，讨论人在面对复杂问题时如何分析论点、辨认信息、校正判断，并提升思维品质。书中强调思维方式会直接影响个人决策、自我认识和对外部世界的理解，因此既是方法论读物，也带有较强的认知训练取向，适合希望系统提升判断力的读者。

收录原因：批判思维的书"
基本演绎法,,,,,,,,218,zh,COLLECTED,PRIVATE,3,,认知与思维方法,,,https://book.douban.com/subject/35101630/,"把演绎法作为切入点来解释逻辑思维的基本原理，围绕推导、论证和现实应用逐步展开，并用大量事例说明伪逻辑在生活中如何出现。重点不在学术史梳理，而在帮助读者把抽象的演绎方法转化为可操作的判断工具，适合希望系统认识基础逻辑又不想从纯理论读起的人。

收录原因：从日常生活介绍基础逻辑"
逻辑学入门-格桑,,,,,,,,208,zh,COLLECTED,PRIVATE,3,,认知与思维方法,,已下载,https://book.douban.com/subject/35329710/,"从日常生活中的语言陷阱、思维误区和常见谬误切入，介绍逻辑学的基本概念和实用方法。作者采用碎片化短文、案例和故事来降低理解门槛，使逻辑不再只是抽象学科，而成为整理观点、辨别错误论证和保持清晰思考的工具，整体更偏向普及型、生活化的逻辑入门读物。

收录原因：很近前看到的逻辑学常识入门"
逻辑学入门-汉斯.哈沃森,,,,,,,,275,zh,COLLECTED,PRIVATE,4,,认知与思维方法,,,https://book.douban.com/subject/36192235/,"面向没有深厚数学背景的读者介绍逻辑学入门方法，内容覆盖基本逻辑符号、论点分析、论证评估和自然演绎等核心工具。它的重点不是抽象演算本身，而是把逻辑训练放回学习、工作和日常判断中，帮助读者建立更清晰的推理习惯，并为后续更深入的逻辑学习打基础。

收录原因：与5.5分的逻辑学入门对比看"
圆圈正义,,,,,,,,307,zh,PAUSED,PRIVATE,4,,政治与社会科学,,已下载,https://book.douban.com/subject/34815132/,"由多篇随笔组成，围绕法律、正义、道德、权力与公共事件展开讨论，也穿插作者对求学经历和人生处境的反思。书中既分析具体案件，也追问法律判断背后的价值基础，因此重点不在单纯普法，而在帮助读者理解法治、道德谴责与公共判断之间更深层的关系。

收录原因：罗翔对热点新闻的法律解读

读后感：偏向随笔，讨论的话题有些随意，不是很适合个人需要。涉及的热点案件减少，解读也较高深"
法治的细节,,,,,,,,288,zh,COLLECTED,PRIVATE,4,,政治与社会科学,,已下载,https://book.douban.com/subject/35635639/,"采用法学随笔的方式讨论热点案件、法律常识与法治理念，内容涉及电车难题、性同意制度以及张玉环案、N号房事件等公共议题。书中不只解释法条和案例，更关注程序正义、责任边界与理性判断，适合希望从现实事件入手理解法治观念和法律思维的读者。

收录原因：罗翔对热点新闻的法律解读"
可能性的艺术,,,,,,,,384,zh,COLLECTED,PRIVATE,5,,政治与社会科学,,已下载,https://book.douban.com/subject/35819419/,"以比较政治学的视角讨论国家能力、民主问责、政治转型与全球化进程之间的关系，把不同体制和发展阶段的国家放在同一参照系中观察。书中既分析现实政治问题，也强调比较视野的重要性，适合用来理解政治现象背后的结构差异，以及我们所处制度环境的多种可能性。

收录原因：国家政治方面的书，介绍的是不同国家的政治区别"
不可能的技艺：巅峰表现的入门指南,,,,,,,,,zh,COLLECTED,PRIVATE,,,认知与思维方法,,,https://yejunbin.github.io/the_art_of_impossible_cn/,"围绕巅峰表现如何被系统训练出来展开，核心框架落在动机、学习、创造力与心流四个环节。作者试图说明，看似“不可能”的高水平表现并非天赋神话，而是一套可以拆解、练习和累积的能力系统。适合关注自我提升、长期训练与高强度目标管理的读者阅读。

收录原因：没上架-类似于精进的书-只下载了pdf文件"
统计数字会撒谎,,,,,,,,154,zh,COLLECTED,PRIVATE,4,,政治与社会科学,,已下载,https://book.douban.com/subject/3595095/,"以统计传播中的误导现象为主题，讨论广告、民调、新闻报道等场景里常见的数据操纵手法，包括取样偏差、图表误导和相关关系的滥用。内容并不偏重公式推导，而是借大量案例说明数字为何看似客观却可能制造错觉，适合用来建立对数据表达和公共信息的基本辨别力。

收录原因：媒体常用的数据曲解手段，内容贴合实际"
当代中国政府与政治,,,,,,,,279,zh,COLLECTED,PRIVATE,,,政治与社会科学,,已下载,https://book.douban.com/subject/26665157/,"聚焦当代中国政府与政治体制的整体结构，内容从党的领导体制讲起，延伸到人大、政府、政法、宣传、军队、中央地方关系及基层治理等关键层面。书中既梳理制度构成，也强调历史演变和运行逻辑，适合用来建立对中国政治体系较完整、成体系的基础认识。

收录原因：置身事内推荐的系统分析政府组织结构"
以利为利：财政关系与地方政府行为,,,,,,,,254,zh,COLLECTED,PRIVATE,5,,政治与社会科学,,已下载,https://book.douban.com/subject/10587755/,"讨论财政关系如何塑造地方政府的行为逻辑，重点放在改革开放以来中央与地方关系、财政制度变化及其社会后果上。作者以社会学视角分析地方政府在发展、分配和治理中的行动规律，能够帮助读者理解许多现实经济与社会问题背后并非单纯市场结果，而与制度安排密切相关。

收录原因：类似于置身事内的讲政府和地方的财政关系"
