书名,推荐,类别,收录原因,页数,链接,状态,入库,评价,读后感,创建时间,笔记,副标题
邓小平时代,,文学小说和传记,网友推荐,754,https://book.douban.com/subject/20424526/,未读,,好评8.5+,,2026年6月26日 22:42,,
基础造型力,,艺术设计与理论基础,小红书解析推荐,152,https://book.douban.com/subject/36806744/,未读,,推荐7-8,,2026年6月9日 10:06,,开启艺术设计之门
攀登不可能之山,,,忘了哪里收录应该也是ai推荐的,314,https://book.douban.com/subject/36860326/,未读,,推荐7-8,,2026年5月21日 16:34,,
第五项修炼,,,和ai聊ai浪潮如何学习时推荐的书，评论区说这是偏系统思考的方法论的书,455,https://book.douban.com/subject/4051739/,未读,,好评8.5+,,2026年5月21日 16:21,,学习型组织的艺术与实践
分类思维,,,淘宝推荐的，介绍了很多分类思路和方法,272,https://book.douban.com/subject/36326989/,未读,,一般7-,,2026年5月21日 16:19,,不确定情境中合理决策的科学与艺术
系统论,,,小红书刷到的，系统介绍系统论哲学,359,https://book.douban.com/subject/4274499/,未读,,推荐7-8,,2026年5月8日 22:39,,系统科学哲学
政治学的思维方式,,,小红书推荐的政治学入门读物,360,https://book.douban.com/subject/26220998/,未读,,推荐7-8,,2026年5月6日 16:24,,
柏杨白话版资治通鉴,,,推特推荐，白话版更易读，类似看故事，作者点评也到位,999,https://book.douban.com/subject/34446495/,未读,,好评8.5+,,2026年4月30日 09:56,,
二战信息图,,,小红书刷到的，图表形式介绍二战，比较易懂，可以快速的对二战有个全面的了解,186,https://book.douban.com/subject/35785679/,未读,,好评8.5+,,2026年4月13日 14:17,,数据化全景透视第二次世界大战
洛伦佐绘画创作教程（全3册）,,,小红书刷到的通俗易懂的绘画理论书籍,708,https://book.douban.com/subject/36330431/,未读,,好评8.5+,,2026年4月11日 12:59,,一看就会的万物绘画说明书
参谋助手论,,,老书，务实教授工作方法,282,https://book.douban.com/subject/3896758/,未读,,推荐7-8,,2026年4月11日 12:57,,为首长服务的艺术
伯恩斯新情绪疗法,,,ai推荐的,520,https://book.douban.com/subject/5980113/,未读,,好评8.5+,,2026年4月11日 12:56,,临床验证完全有效的非药物治愈抑郁症疗法
存在主义心理治疗,,,AI根据心理推荐的书籍,573,https://book.douban.com/subject/26304954/,未读,,好评8.5+,,2026年4月11日 12:50,,
故乡天下黄花,,,推特推荐，令其沉迷的刘震云作品,260,https://book.douban.com/subject/1005939/,未读,,推荐7-8,,2026年4月11日 11:43,,
逃不开的经济周期,,,推特推荐,428,https://book.douban.com/subject/20272113/,未读,,推荐7-8,,2026年4月11日 11:41,,历史，理论与投资现实
绘画构图教程,,,小红书卖10块钱，内容简洁干练,135,https://book.douban.com/subject/3811745/,未读,,,,2026年3月24日 11:42,,
构建之法,,,找ai思维框架时推荐的书,464,https://book.douban.com/subject/27069503/,未读,,好评8.5+,,2026年3月6日 02:00,,现代软件工程
反脆弱,,,,408,https://book.douban.com/subject/25782902/,未读,,推荐7-8,,2026年3月6日 01:58,,从不确定性中获益
系统之美,,,搭建ai思考框架时看到的推荐,290,https://book.douban.com/subject/11528220/,未读,,推荐7-8,,2026年3月6日 01:57,,决策者的系统思考
诡辩与反驳,,,吵架神器，老书,165,https://book.douban.com/subject/37516220/,未读,,,,2026年3月6日 01:56,,提升逻辑思维与辩论能力
基层中国的运行逻辑,,,据说类似置身事内,370,https://book.douban.com/subject/37663710/,未读,,推荐7-8,,2026年3月6日 01:55,,
解惑：心智模式决定你的一生,,,,268,https://book.douban.com/subject/35372999/,未读,,推荐7-8,,2026年3月6日 01:54,,
论心灵之安宁,,,推特推荐,176,https://book.douban.com/subject/36826670/,未读,,推荐7-8,,2026年3月6日 01:53,,
数学指南,,,推特高分推荐，内容全面,1332,https://book.douban.com/subject/7061949/,未读,,好评8.5+,,2026年2月11日 08:52,,实用数学手册
物理世界,,,推特刷到的，内容全门槛低,1004,https://book.douban.com/subject/36216262/,未读,,好评8.5+,,2026年2月11日 08:50,,
逻辑表达,,,,191,https://book.douban.com/subject/34933227/,未读,,一般7-,,2026年2月1日 15:55,,高效沟通的金字塔思维
逻辑思考,,,从实际出发，介绍各种工作方法,,https://book.douban.com/subject/37426303/,未读,,推荐7-8,,2026年2月1日 15:53,,看清解决复杂问题的逻辑主线
通识,,,详细介绍了学科门类,312,https://book.douban.com/subject/30414788/,未读,,推荐7-8,,2026年2月1日 15:52,,学问的门类
诺兰变奏曲,,,狮子艺术推荐,380,https://book.douban.com/subject/36478323/,未读,,好评8.5+,,2026年2月1日 15:51,,
说话写文章的逻辑,,,,243,https://book.douban.com/subject/37444117/,未读,,,,2026年2月1日 15:50,,
认识电影,,,,484,https://book.douban.com/subject/2326403/,未读,,好评8.5+,,2026年2月1日 15:49,,
编码,,,计算机基础，高分好评,392,https://book.douban.com/subject/4822685/,未读,,好评8.5+,,2026年2月1日 15:48,,隐匿在计算机软硬件背后的语言
怎样解题,,,推特看到的推荐,,https://book.douban.com/subject/30373956/,未读,,好评8.5+,,2026年2月1日 15:46,,数学思维的新方法
学术写作原来是这样,,,,244,https://book.douban.com/subject/35299013/,未读,,推荐7-8,,2026年2月1日 15:45,,语言、逻辑和结构的全面提升
哲学、政治学与经济学导论,,,,309,https://book.douban.com/subject/37507954/,未读,,好评8.5+,,2026年2月1日 15:44,,
哲学·科学·常识,,,人类求知过程的发展,370,https://book.douban.com/subject/27139938/,未读,,好评8.5+,,2026年2月1日 15:43,,
中国国家治理的制度逻辑,,,了解一下社会发展逻辑,467,https://book.douban.com/subject/26901114/,未读,,好评8.5+,,2026年2月1日 15:42,,一个组织学研究
电影的秘密,,,,552,https://book.douban.com/subject/30301599/,未读,,好评8.5+,,2026年2月1日 15:38,,形式与意义（插图第6版）
建筑：形式、空间和秩序,,,关卡设计可读，评分高,416,https://book.douban.com/subject/3340939/,未读,,好评8.5+,,2026年2月1日 15:14,,
动画大师课：分镜头脚本设计,,,AI推荐,120,https://book.douban.com/subject/35510490/,未读,未找到,,,2026年1月19日 15:41,,
你为什么这样做,,,介绍日常行为背后的心理原因,288,https://book.douban.com/subject/37868823/,未读,未找到,,,2025年12月29日 13:41,,
警察逻辑能力教程,,,警察思维逻辑训练的书籍，可以看看，提升临时处理能力,409,https://book.douban.com/subject/3192763/,未读,寻找中,一般7-,,2025年12月22日 11:49,,
图解照明设计,收藏,,介绍室内的照明设计方法，可以提高室内灯光水平,128,https://book.douban.com/subject/30354706/,未读,寻找中,一般7-,,2025年12月22日 11:48,,
思考，快与慢,,,,424,https://book.douban.com/subject/10785583/,未读,,,,2025年12月8日 09:49,,
不确定状况下的判断,,,推特推荐,638,https://book.douban.com/subject/3248694/,未读,,推荐7-8,,2025年12月8日 09:48,,
怎样提高记忆力,,,介绍记忆方法,,https://book.douban.com/subject/3132409/,未读,,,,2025年12月7日 15:58,,
打造第二大腦,,,介绍PARA和CODE方法的书,277,https://book.douban.com/subject/36302345/,未读,已下载,好评8.5+,,2025年9月18日 17:53,,
思维力：高效的系统思维,,,,244,https://book.douban.com/subject/35581909/,未读,已下载,,,2025年9月4日 17:55,,
摄影构图法则：让画面从无序到有序,,,,176,https://book.douban.com/subject/37092397/,未读,,,,2025年9月1日 15:18,,
国家为什么会失败：权力、富裕与贫困的根源,,,LinuxDo推荐,560,https://book.douban.com/subject/37321384/,未读,已下载,,,2025年8月22日 16:08,,
游戏设计艺术,,,知乎推荐,644,https://book.douban.com/subject/35460994/,未读,已下载,好评8.5+,,2025年7月23日 11:05,,
小说面面观,,,关于情节和故事的讨论,232,https://book.douban.com/subject/34933187/,未读,已下载,推荐7-8,,2025年7月16日 15:51,,
运动改造大脑,,,冯斌推荐,258,https://book.douban.com/subject/36418973/,未读,未找到,一般7-,,2025年7月8日 16:32,,
影视剧作艺术教程,,,网课视频教程,285,https://book.douban.com/subject/6983402/,未读,已下载,推荐7-8,,2025年7月4日 11:40,,
系统化思维导论,,,,260,https://book.douban.com/subject/26298694/,未读,已下载,推荐7-8,,2025年6月24日 17:27,,
大道,,,,,https://book.douban.com/subject/37322503/,未读,,好评8.5+,,2025年6月13日 15:49,,
民法典与百姓生活100问,,,法律基础科普，开车推荐的,302,https://book.douban.com/subject/35306867/,未读,已下载,推荐7-8,,2025年5月23日 11:37,,
数学也可以这样学,,,,185,https://book.douban.com/subject/34799560/,未读,,,,2025年5月19日 18:38,,
世界观：现代人必须要懂的科学哲学和科学史 ,,,推特刷到的,512,https://book.douban.com/subject/35181762/,未读,已下载,好评8.5+,,2025年5月11日 17:31,,
概率论沉思录,,,提供大量生活实例和常识的解读，讲述概率统计的历史脉络和广泛应用,738,https://book.douban.com/subject/36874373/,未读,寻找中,好评8.5+,,2025年5月11日 15:55,,
统治宇宙的24个公式,,,通过24个代表性公式，揭示了从广阔宇宙到日常生活再到量子世界的内在运行规律。,228,https://book.douban.com/subject/36850225/,未读,未找到,好评8.5+,,2025年5月11日 15:54,,
白话统计,,,短视频推荐,296,https://book.douban.com/subject/30140553/,未读,已下载,好评8.5+,,2025年5月11日 15:53,,
视觉游戏,,,介绍构图和视觉原理,144,https://book.douban.com/subject/30414436/,未读,,好评8.5+,,2025年4月24日 11:15,,
小说是什么,,,小说创作指导,208,https://book.douban.com/subject/37212187,未读,未找到,好评8.5+,,2025年4月24日 10:58,,
故事—材质、结构、风格和银幕剧作的原理,,,内容介绍很完整,508,https://book.douban.com/subject/25976544/,未读,已下载,好评8.5+,,2025年4月22日 19:57,,
研究是一门艺术,,,系统介绍了研究的方法，撰写研究报告的指南,284,https://book.douban.com/subject/4035330/,未读,已下载,好评8.5+,,2025年4月15日 20:43,,
大师谈游戏设计,,,关于游戏节奏方面的设计,244,https://book.douban.com/subject/27055726/,未读,已下载,推荐7-8,,2025年4月15日 16:17,,
Essential Grammar In Use,,,英语语法入门，知乎和豆瓣推荐,300,https://book.douban.com/subject/1228955/,未读,,好评8.5+,,2025年4月8日 10:30,,
谈绘画构图,,,,91,https://book.douban.com/subject/37157121/,未读,已下载,,,2025年3月21日 23:58,,
毛泽东军事文选 : 內部本,,,,692,,未读,已下载,,,2025年3月21日 23:56,,
游戏场景设计专业技法解析,,,,232,https://book.douban.com/subject/35438993/,未读,已下载,,,2025年3月21日 23:55,,
游戏设计的236个技巧,,,,628,https://book.douban.com/subject/26653173/,未读,已下载,推荐7-8,,2025年3月21日 23:54,,
美国摄影用光教程,,,,199,https://book.douban.com/subject/26770375/,未读,已下载,好评8.5+,,2025年3月21日 23:53,,
三体全集,,,,1283,https://book.douban.com/subject/33420947/,读完,,好评8.5+,,2025年3月21日 23:52,,
人類大歷史,,,,488,https://book.douban.com/subject/25952974/,未读,,好评8.5+,,2025年3月21日 23:51,,
体验引擎,,,评分高,428,https://book.douban.com/subject/26323699/,未读,已下载,好评8.5+,,2025年3月21日 23:50,,
刻意练习,,,经典推荐,340,https://book.douban.com/subject/26895993/,未读,已下载,推荐7-8,,2025年3月21日 23:49,,
导演的摄影课,,,猫叔办公室的,296,https://book.douban.com/subject/25807354/,未读,已下载,推荐7-8,,2025年3月21日 23:42,,
上任90天,,,网上看到过书中部分摘录,256,https://book.douban.com/subject/37173029/,未读,,好评8.5+,,2025年3月15日 12:56,,
津巴多普通心理学,,,佬友推荐的使人平静的书，评分很高，9.3分,578,https://book.douban.com/subject/3143537/,未读,已下载,好评8.5+,,2025年3月14日 18:34,,
造型基础,,,关联合集https://book.douban.com/subject/35505843/,148,https://book.douban.com/subject/35522928/,未读,,,,2025年3月12日 23:32,,
色彩艺术,,,关联合集https://book.douban.com/subject/35505843/,164,https://book.douban.com/subject/36413418/,未读,已下载,,,2025年3月12日 23:30,,
运动中的视觉,,,,,https://book.douban.com/subject/26574229/,未读,已下载,好评8.5+,,2025年3月12日 23:22,,
基础设计力,,,日本武藏野美术大学设计信息学科大学第一年的教学课程,120,https://book.douban.com/subject/36806748/,未读,,,,2025年3月12日 23:20,,
基础造型力,,,,152,https://book.douban.com/subject/36806744/,未读,,,,2025年3月12日 23:18,,
写给大家的西方美术史,,,,319,https://book.douban.com/subject/26417490/,未读,,推荐7-8,,2025年3月1日 23:38,,
刘震云全集作品集典藏版,,,口碑很好的书，有人推荐一地鸡毛,,https://book.douban.com/subject/32582507/,未读,,好评8.5+,,2025年2月19日 11:18,,
好快！10天背完3000英语单词,,,,247,https://book.douban.com/subject/30620086/,未读,,好评8.5+,,2025年2月14日 14:48,,
质量总监成长记,,,豆瓣评价很高，是工程管理的推荐书目,389,https://book.douban.com/subject/30766067/,未读,,好评8.5+,,2025年2月14日 09:25,,
情报分析中的推理方法,,,,,https://book.douban.com/subject/36170070/,未读,,,,2025年2月10日 11:04,,
艺术的故事,,,,692,https://book.douban.com/subject/26423502/,未读,,,,2025年2月5日 17:22,,
数学与艺术 | Mathematics and Art,,,,576,https://book.douban.com/subject/26818821/,未读,,,,2025年2月5日 17:19,,
粟裕文选,,,知乎评论刷到的，原书名是粟裕军事文选，这个是epub的格式，且简单看目录应该包含军事文选的内容。,,https://book.douban.com/subject/1621437/,未读,,,,2025年1月24日 17:52,,
通关！游戏设计之道,,,本书以诙谐的语言讲述了游戏设计的整个流程，包括剧情、设计文档、游戏策略、人物角色、玩法等内容,438,https://neodb.social/book/2HWHxGXeisc3u2FF8yUIWL,未读,,,,2025年1月16日 15:02,,
体适能基础理论,,,介绍能量消耗相关,240,https://book.douban.com/subject/3109981/,未读,,推荐7-8,,2025年1月15日 20:59,,
近代中国社会的新陈代谢,,,徐涛推荐，研究了近代社会结构的演变，从经济、政治结构，到城乡基层组织的变化。豆瓣评分高,427,https://book.douban.com/subject/30147582/,未读,,好评8.5+,,2025年1月14日 00:00,,
游戏造梦师：游戏场景开发与设计,,,霜狼_May的系统介绍的书,248,https://book.douban.com/subject/37030321/,未读,,好评8.5+,,2025年1月13日 23:24,,
语言小书,收藏,,小红书看到的系统性介绍语言特点的,390,https://book.douban.com/subject/30325341/,未读,,一般7-,,2025年1月13日 14:44,,
色彩,,,,436,https://book.douban.com/subject/36361913/,未读,,,,2025年1月8日 18:32,,
图像,,,,540,https://book.douban.com/subject/36330464/,未读,,,,2025年1月8日 18:32,,
东方学,,,搜索后殖民主义时推荐的书，豆瓣文化类排名第二,528,https://neodb.social/book/0UE5D4wYygVN5tp1vlw5Ug,未读,,,,2025年1月8日 17:30,,
基础数学与生活,,,基础数学与生活联系的介绍,,https://neodb.social/book/2N6Vtjso09hQWp9o3FROrv,未读,,,,2025年1月7日 17:16,,
中国历代政治得失,,,,192,https://book.douban.com/subject/36792415/,未读,,,,2025年1月6日 14:19,,
乡土中国,,,很多地方提到过，类似置身事内,426,https://book.douban.com/subject/1795079/,未读,,,,2025年1月6日 14:17,,
卓有成效的管理者,,管理理论与方法论,是时候需要看了,230,https://book.douban.com/subject/36336321/,未读,,好评8.5+,,2024年12月27日 16:41,,
创意从哪里来,,认知与思维方法,推特看到的，评分较高9.3,,https://book.douban.com/subject/36957881/,未读,,好评8.5+,,2024年12月27日 16:21,,
学习的本质,收藏,认知与思维方法,小红书刷到的系统性学习的推荐，用于建立教育体系的。给基础教育工作者看的手册，涵盖了非常多的领域,305,https://book.douban.com/subject/35183198/,未读,,推荐7-8,,2024年12月18日 17:34,,
跨越鸿沟,,管理理论与方法论,推特看到的关于营销的书,260,https://book.douban.com/subject/36206088/,未读,,推荐7-8,,2024年11月27日 19:06,,
伟大的博弈,,政治与社会科学,小红书看到的，说内容和翻译都很好,652,https://book.douban.com/subject/30424140/,未读,,推荐7-8,,2024年11月25日 21:21,,
债务危机,,政治与社会科学,,540,https://book.douban.com/subject/30486499/,未读,,推荐7-8,,2024年11月18日 15:38,,
城市规划设计,,兴趣与生活,小红书看到的，天际线玩家必备~,,https://book.douban.com/subject/34859543/,未读,,,,2024年11月8日 15:39,,
决策分析基础,,认知与思维方法,小红书看到的系统性的讲述如何做决策分析,,https://book.douban.com/subject/34435479/,未读,,,,2024年11月8日 15:28,,
基础数学讲义,,认知与思维方法,推特刷到的，好像还可以,384,https://book.douban.com/subject/37076975/,未读,,,,2024年11月7日 10:40,,
往威根码头之路,收藏,政治与社会科学,小红书看到了经典摘录句子还不错,270,https://book.douban.com/subject/26985355/,未读,,好评8.5+,,2024年11月6日 12:55,,
清晰思考,收藏,认知与思维方法,b站看到讲决策思考的，感觉有点成功学的意思，先收藏着到时候简略的看一看,312,https://book.douban.com/subject/36953839/,未读,,推荐7-8,,2024年10月31日 21:07,,
人体的秘密,,运动健康,一些身体的科普,292,https://book.douban.com/subject/35200650/,未读,已下载,推荐7-8,,2024年10月9日 22:02,,
毛主席教我们当省委书记,,管理理论与方法论,学习领导方法论（在小红书看到在z下载过什么神书）,231,https://book.douban.com/subject/30638267/,未读,已下载,推荐7-8,,2024年10月9日 22:00,,
不原谅也没关系,必看,心理与自我探索,wy推荐的书,344,https://book.douban.com/subject/36132802/,未读,已下载,推荐7-8,,2024年10月7日 23:01,,
江小涓学术自传,,政治与社会科学,小红书看到的书，介绍自己的研究经历，可以看看高层是怎么思考的,160,https://book.douban.com/subject/35018268/,未读,,推荐7-8,,2024年10月7日 17:22,,
看电影的艺术,,艺术设计与理论基础,电影赏析书籍,592,https://book.douban.com/subject/30159631/,未读,,推荐7-8,,2024年9月25日 14:56,,
我胆小如鼠,优先,文学小说和传记,“上小学的时候忘戴红领巾，你感觉世界都要塌了，到了初中考试不及格，你又感觉要完蛋了，高中没考上理想的大学，你觉得自己的人生都没希望了。”,251,https://book.douban.com/subject/36727318/,搁置,已下载,推荐7-8,不推荐 | 书里是几个零散故事组成的，意义不打明确，读起来比较生涩，不如摘录的句子直接。,2024年9月20日 13:23,,
压缩现代性下的韩国,,政治与社会科学,忘了是哪里收录的，但是介绍了韩国社会在经济高速发展下的变化，可以对比看看国内趋势,308,https://book.douban.com/subject/36547250/,未读,,推荐7-8,,2024年9月18日 13:29,,
构图的秘密,必看,艺术设计与理论基础,与构图的艺术同本推荐,124,https://book.douban.com/subject/27618391/,未读,已下载,推荐7-8,,2024年9月11日 14:24,,
重组与突破,,管理理论与方法论,,494,https://book.douban.com/subject/36854731/,未读,已下载,,,2024年9月6日 19:28,,
底层逻辑2,,认知与思维方法,提到了一些数学与社会的实际关联，可以当数学相关的知识看一看,296,https://book.douban.com/subject/36122558/,未读,,,,2024年9月3日 11:19,,
底层逻辑,,认知与思维方法,,352,https://book.douban.com/subject/35620025/,未读,,,,2024年9月3日 11:19,,
活着,优先,文学小说和传记,,191,https://book.douban.com/subject/4913064/,读完,已下载,好评8.5+,推荐|讲了富贵多变的一生，从小时候的阔少到染上赌瘾之后没落，基础的生活都充满变数。给人一种命途多舛的感觉，人这一生想要安安稳稳平平淡淡也很不容易了。,2024年8月27日 13:17,,
通向繁荣之路,,政治与社会科学,,440,https://book.douban.com/subject/36951903/,未读,,,,2024年8月26日 11:05,,
饮食的迷思,,运动健康,,340,https://book.douban.com/subject/30437166/,未读,已下载,,,2024年8月21日 14:52,,
无器械健身,,运动健康,,223,https://book.douban.com/subject/11608712/,未读,已下载,,,2024年8月21日 14:49,,
囚徒健身,,运动健康,,264,https://book.douban.com/subject/25717097/,未读,已下载,,,2024年8月21日 14:48,,
梦的解析,,心理与自我探索,,580,https://book.douban.com/subject/26823033/,未读,,,,2024年8月19日 00:03,,
亲密关系,,心理与自我探索,,540,https://book.douban.com/subject/26585065/,未读,已下载,,,2024年8月19日 00:03,,
内向者优势,,心理与自我探索,,247,https://book.douban.com/subject/2980795/,未读,,推荐7-8,,2024年8月16日 10:41,,
动物庄园,,文学小说和传记,,176,https://book.douban.com/subject/24371382/,未读,已下载,,,2024年8月14日 11:28,,
选择的悖论,,认知与思维方法,,205,https://book.douban.com/subject/21346249/,未读,已下载,,,2024年8月14日 10:26,,
第一性原理,,认知与思维方法,,200,https://book.douban.com/subject/35265358/,读完,已下载,,一般，开头的归纳演绎之类的概念写的不错，到后面有些生硬，互联网成功学味太浓。,2024年8月14日 10:26,,
人性的弱点,,心理与自我探索,,303,https://book.douban.com/subject/25985683/,未读,已下载,,,2024年8月14日 10:26,,
社会心理学,,心理与自我探索,,504,https://book.douban.com/subject/1476651/,未读,寻找中,好评8.5+,,2024年8月14日 01:03,,
摄影的艺术,,艺术设计与理论基础,摄影理论榜单,356,https://book.douban.com/subject/10511063/,未读,已下载,推荐7-8,,2024年8月13日 23:39,,
世界摄影史,,艺术设计与理论基础,内奥米•罗森布拉姆-中国摄影出版社,720,https://book.douban.com/subject/20487300/,未读,已下载,推荐7-8,,2024年8月13日 23:28,,
英语语法看这本就够了大全集,,语言学习,基础框架，很基础,336,https://book.douban.com/subject/24700164/,未读,,一般7-,,2024年8月13日 22:57,,
英语语法新思维——句子成分超精解,,语言学习,,264,https://book.douban.com/subject/26617512/,未读,,推荐7-8,,2024年8月13日 22:55,,
新东方 英语语法新思维中级教程：通悟语法,,语言学习,,344,https://book.douban.com/subject/30571037/,未读,,好评8.5+,,2024年8月13日 22:55,,
新东方 英语语法新思维初级教程：走近语法,,语言学习,,308,https://book.douban.com/subject/30701505/,未读,,好评8.5+,,2024年8月13日 22:54,,
1984,,文学小说和传记,,333,https://book.douban.com/subject/25798623/,读完,已下载,好评8.5+,,2024年8月13日 22:33,,
配色大原则,,艺术设计与理论基础,,224,https://book.douban.com/subject/27174408/,未读,已下载,推荐7-8,,2024年8月13日 22:30,,
概念设计的秘密 游戏美术基础与设计方法,,艺术设计与理论基础,,304,https://book.douban.com/subject/36195789/,未读,,推荐7-8,,2024年8月13日 22:26,,
视觉艺术用光,,艺术设计与理论基础,,168,https://book.douban.com/subject/19950884/,未读,已下载,好评8.5+,,2024年8月13日 22:23,,
构图的艺术,,艺术设计与理论基础,,142,https://book.douban.com/subject/6982049/,未读,已下载,推荐7-8,,2024年8月13日 22:22,,
电影摄影照明技巧教程,,艺术设计与理论基础,,388,https://book.douban.com/subject/20423230/,未读,已下载,推荐7-8,,2024年8月13日 22:21,,
色彩与光线,,艺术设计与理论基础,,224,https://book.douban.com/subject/27092980/,未读,,好评8.5+,,2024年8月13日 22:17,,
数字绘图的光照与渲染技术,,艺术设计与理论基础,猫叔分享的书，一直没看,324,https://book.douban.com/subject/3225198/,未读,已下载,好评8.5+,,2024年8月13日 22:16,,
让画面有故事感的色彩与构图,,艺术设计与理论基础,,240,https://book.douban.com/subject/36462982/,在读,,推荐7-8,,2024年8月13日 22:15,"让画面更有故事感的色彩与构图 (https://app.notion.com/p/1b41a26a3cb181b7877aedbd133dc304?pvs=21) ",
" CG造型基础与创作",,艺术设计与理论基础,,,https://book.douban.com/subject/35052844/,未读,,好评8.5+,,2024年8月13日 22:14,,
配色基础原理,,艺术设计与理论基础,,141,https://book.douban.com/subject/2230545/,未读,,推荐7-8,,2024年8月13日 22:09,,
小说写作：叙事技巧指南,,视野与能力拓展,,254,https://book.douban.com/subject/35434468/,未读,已下载,推荐7-8,,2024年8月13日 21:53,,
摄影构图与用光十讲,,艺术设计与理论基础,,,https://book.douban.com/subject/27178239/,未读,已下载,,,2024年8月13日 21:46,,
光影创作课：21位电影摄影大师的现场教学,,艺术设计与理论基础,,360,https://book.douban.com/subject/30155073/,未读,已下载,推荐7-8,,2024年8月13日 21:42,,
美国纽约摄影学院摄影教材上下册,,艺术设计与理论基础,,,https://book.douban.com/series/14149,未读,已下载,好评8.5+,,2024年8月13日 21:41,,
艺术与视知觉-2019,,艺术设计与理论基础,,507,https://book.douban.com/subject/30484307/,未读,,推荐7-8,,2024年8月13日 21:40,,
照片的本质,,艺术设计与理论基础,,131,https://book.douban.com/subject/10567183/,未读,已下载,推荐7-8,,2024年8月13日 21:39,,
关于构图问题,,艺术设计与理论基础,微信读书推荐的，评分较高,74,https://book.douban.com/subject/26647513/,未读,已下载,好评8.5+,,2024年8月13日 21:37,,
短篇小说写作指南,,视野与能力拓展,,360,https://book.douban.com/subject/30358497/,未读,已下载,推荐7-8,,2024年8月13日 21:09,,
毛泽东选集,,管理理论与方法论,https://zh.z-lib.gd/book/5988142/b08131/%E6%AF%9B%E6%B3%BD%E4%B8%9C%E9%80%89%E9%9B%8617.html,,https://book.douban.com/series/7496,未读,已下载,好评8.5+,,2024年8月13日 20:35,,
潜规则,,政治与社会科学,,272,https://book.douban.com/subject/3580750/,未读,已下载,推荐7-8,,2024年8月13日 20:34,,
世界摄影史,,艺术设计与理论基础,顾铮-浙江人民美术,175,https://book.douban.com/subject/1923669/,未读,已下载,推荐7-8,,2024年8月13日 17:24,,
消逝的童年,,政治与社会科学,尼尔•波斯曼的“媒介批评三部曲”,232,https://book.douban.com/subject/26319794/,未读,已下载,推荐7-8,,2024年8月13日 16:33,,
技术垄断,,政治与社会科学,尼尔•波斯曼的“媒介批评三部曲”,312,https://book.douban.com/subject/33385896/,未读,已下载,推荐7-8,,2024年8月13日 16:33,,
娱乐至死,,政治与社会科学,尼尔•波斯曼的“媒介批评三部曲”,224,https://book.douban.com/subject/26319730/,未读,已下载,推荐7-8,,2024年8月13日 16:33,,
小米创业思考,,管理理论与方法论,,383,https://book.douban.com/subject/36057097/,未读,已下载,推荐7-8,,2024年8月13日 15:51,,
当代中国社会分层,,政治与社会科学,,535,https://book.douban.com/subject/30424945/,未读,已下载,推荐7-8,,2024年8月13日 15:51,,
苏东坡传,,文学小说和传记,,356,https://book.douban.com/subject/30171389/,未读,已下载,推荐7-8,,2024年8月13日 15:51,,
血酬定律,,政治与社会科学,,408,https://book.douban.com/subject/25806559/,未读,已下载,推荐7-8,,2024年8月13日 15:51,,
建国以来毛泽东文稿,,管理理论与方法论,20多册，还没来得及下载,,https://book.douban.com/subject/36689157/,未读,,,,2024年8月13日 15:50,,
尼尔：自动人形  美术记录集,,游戏设计与开发,,,https://book.douban.com/subject/30178741/,未读,,,,2024年8月13日 15:50,,
后浪电影学院,,艺术设计与理论基础,猫叔书架看到的,,https://book.douban.com/series/24802,未读,,,,2024年8月13日 15:49,,
路米斯经典美术课,,艺术设计与理论基础,网上看到过拆解分享 - 共四册《素描基础》《人体素描》《头手素描》《创意插画》,,https://book.douban.com/subject/30612353/,未读,已下载,好评8.5+,,2024年8月13日 15:49,,
博弈论与生活,,认知与思维方法,,248,https://book.douban.com/subject/35352508/,未读,已下载,推荐7-8,,2024年8月13日 15:49,,
帕拉尼克谈写作,,视野与能力拓展,,264,https://book.douban.com/subject/35941988/,未读,已下载,推荐7-8,,2024年8月13日 15:49,,
小说写作完全手册,,视野与能力拓展,,,https://book.douban.com/subject/36814335/,未读,,好评8.5+,,2024年8月13日 15:48,,
数学的奥秘,,兴趣与生活,,166,https://book.douban.com/subject/1155831/,未读,,推荐7-8,,2024年8月13日 15:44,,
怪诞行为学,,政治与社会科学,,248,https://book.douban.com/subject/4929844/,未读,已下载,推荐7-8,,2024年8月13日 14:49,,
社会性动物,,政治与社会科学,,379,https://book.douban.com/subject/2328458/,未读,已下载,好评8.5+,,2024年8月13日 14:49,,
注意力商人,,政治与社会科学,,560,https://book.douban.com/subject/30216368/,未读,已下载,推荐7-8,,2024年8月13日 14:48,,
认知心理学（原著第五版）,,心理与自我探索,,,https://book.douban.com/subject/35237345/,未读,,好评8.5+,,2024年8月13日 14:48,,
美国陆军实用参考丛书,,兴趣与生活,收藏着，专业军事书籍,,https://book.douban.com/series/46795,未读,,,,2023年10月5日 10:49,,
穷查理宝典,,兴趣与生活,也是财富相关的概念书籍,552,https://book.douban.com/subject/26831789/,未读,已下载,好评8.5+,,2023年10月5日 10:46,,
金字塔原理,,认知与思维方法,介绍了一种能清晰地展现思路的高效方法,333,https://book.douban.com/subject/33391219/,在读,已下载,推荐7-8,,2023年10月5日 10:44,,
富爸爸，穷爸爸,,兴趣与生活,财富相关的概念书籍,368,https://book.douban.com/subject/27153484/,未读,已下载,推荐7-8,,2023年10月5日 10:43,,
摄影构图学,,艺术设计与理论基础,李涛推荐 - 比较系统的阐述了摄影构图的原理和实践-pdf扫描版,259,https://book.douban.com/subject/1779243/,未读,已下载,好评8.5+,,2023年10月5日 10:42,,
爱的心理学,,心理与自我探索,从心理学解读爱,239,https://book.douban.com/subject/26830648/,未读,,推荐7-8,,2023年10月5日 10:41,,
从一到无穷大,,视野与能力拓展,解释生活中一些数学问题,424,https://book.douban.com/subject/34782541/,未读,已下载,好评8.5+,,2023年10月5日 10:32,,
项目管理精华,,管理理论与方法论,非职业项目经理的入门书,216,https://book.douban.com/subject/26986573/,未读,已下载,推荐7-8,,2023年10月5日 10:27,,
控制论与科学方法论,,管理理论与方法论,本书从控制论和系统论基本概念的角度介绍科学方法论知识,214,https://book.douban.com/subject/1322336/,未读,已下载,好评8.5+,,2023年10月5日 10:26,,
思辨与立场,,认知与思维方法,批判思维的书,345,https://book.douban.com/subject/26872634/,未读,已下载,推荐7-8,,2023年10月5日 10:21,,
基本演绎法,,认知与思维方法,从日常生活介绍基础逻辑,218,https://book.douban.com/subject/35101630/,未读,,一般7-,,2023年10月5日 10:20,,
逻辑学入门-格桑,,认知与思维方法,很近前看到的逻辑学常识入门,208,https://book.douban.com/subject/35329710/,未读,已下载,一般7-,,2023年10月5日 10:19,,
逻辑学入门-汉斯.哈沃森,,认知与思维方法,与5.5分的逻辑学入门对比看,275,https://book.douban.com/subject/36192235/,未读,,推荐7-8,,2023年10月5日 10:18,,
圆圈正义,,政治与社会科学,罗翔对热点新闻的法律解读,307,https://book.douban.com/subject/34815132/,搁置,已下载,推荐7-8,偏向随笔，讨论的话题有些随意，不是很适合个人需要。涉及的热点案件减少，解读也较高深,2023年10月5日 10:16,,
法治的细节,,政治与社会科学,罗翔对热点新闻的法律解读,288,https://book.douban.com/subject/35635639/,未读,已下载,推荐7-8,,2023年10月5日 10:16,,
可能性的艺术,,政治与社会科学,国家政治方面的书，介绍的是不同国家的政治区别,384,https://book.douban.com/subject/35819419/,未读,已下载,好评8.5+,,2023年10月5日 10:15,,
不可能的技艺：巅峰表现的入门指南,,认知与思维方法,没上架-类似于精进的书-只下载了pdf文件,,https://yejunbin.github.io/the_art_of_impossible_cn/,未读,,,,2023年10月5日 10:12,,
统计数字会撒谎,,政治与社会科学,媒体常用的数据曲解手段，内容贴合实际,154,https://book.douban.com/subject/3595095/,未读,已下载,推荐7-8,,2023年10月5日 10:01,,
当代中国政府与政治,,政治与社会科学,置身事内推荐的系统分析政府组织结构,279,https://book.douban.com/subject/26665157/,未读,已下载,,,2023年10月5日 10:01,,
以利为利：财政关系与地方政府行为,,政治与社会科学,类似于置身事内的讲政府和地方的财政关系,254,https://book.douban.com/subject/10587755/,未读,已下载,好评8.5+,,2023年10月5日 10:01,,